-- Seed data for companies table
INSERT INTO companies (company_name, address, industry, phone, email, website, created_at, updated_at)
VALUES
    ('TechNova AB', 'Sveavägen 123, Stockholm', 'Teknologi', '08-123 456 78', 'info@technova.com', 'http://www.technova.com', '2024-05-28', '2024-05-28'),
    ('Finanshuset AB', 'Vasagatan 12, Göteborg', 'Finans', '031-987 654', 'info@finanshuset.com', 'http://www.finanshuset.com', '2024-05-27', '2024-05-27'),
    ('IndustriX AB', 'Kungsgatan 45, Malmö', 'Tillverkning', '040-555 555', 'info@industrx.com', 'http://www.industrx.com', '2024-05-26', '2024-05-26'),
    ('Handelshuset AB', 'Storgatan 1, Uppsala', 'Handel', '018-123 456', 'info@handelshuset.com', 'http://www.handelshuset.com', '2024-06-01', '2024-06-01'),
    ('IT-Specialisterna AB', 'Drottninggatan 5, Lund', 'IT', '046-789 123', 'info@itspecialisterna.com', 'http://www.itspecialisterna.com', '2024-06-02', '2024-06-02'),
    ('LogistikPro AB', 'Stora Torget 8, Linköping', 'Logistik', '013-987 654', 'info@logistikpro.com', 'http://www.logistikpro.com', '2024-06-03', '2024-06-03'),
    ('Hälsovård AB', 'Drottninggatan 10, Västerås', 'Hälsovård', '021-123 456', 'info@halsovard.com', 'http://www.halsovard.com', '2024-06-04', '2024-06-04'),
    ('MiljöTech AB', 'Lilla Torget 7, Örebro', 'Miljöteknik', '019-555 678', 'info@miljotech.com', 'http://www.miljotech.com', '2024-06-05', '2024-06-05'),
    ('ByggVision AB', 'Gustav Adolfs Torg 4, Helsingborg', 'Bygg', '042-789 123', 'info@byggvision.com', 'http://www.byggvision.com', '2024-06-06', '2024-06-06'),
    ('FastighetsPro AB', 'Stortorget 6, Jönköping', 'Fastigheter', '036-987 654', 'info@fastighetspro.com', 'http://www.fastighetspro.com', '2024-06-07', '2024-06-07'),
    ('KonsultKraft AB', 'Västra Hamngatan 5, Karlstad', 'Konsult', '054-123 456', 'info@konsultkraft.com', 'http://www.konsultkraft.com', '2024-06-08', '2024-06-08'),
    ('MediaMakers AB', 'Östra Storgatan 3, Sundsvall', 'Media', '060-555 678', 'info@mediamakers.com', 'http://www.mediamakers.com', '2024-06-09', '2024-06-09'),
    ('Forskning & Utveckling AB', 'Centralvägen 12, Luleå', 'Forskning', '0920-789 123', 'info@fou.com', 'http://www.fou.com', '2024-06-10', '2024-06-10'),
    ('TransportTeam AB', 'Storgatan 18, Umeå', 'Transport', '090-987 654', 'info@transportteam.com', 'http://www.transportteam.com', '2024-06-11', '2024-06-11'),
    ('FinansExperterna AB', 'Bergsgatan 21, Borås', 'Finans', '033-123 456', 'info@finansexperterna.com', 'http://www.finansexperterna.com', '2024-06-12', '2024-06-12'),
    ('Hälsoteamet AB', 'Kungsgatan 30, Halmstad', 'Hälsovård', '035-555 678', 'info@halsoteamet.com', 'http://www.halsoteamet.com', '2024-06-13', '2024-06-13'),
    ('UtbildningNu AB', 'Nygatan 2, Karlskrona', 'Utbildning', '0455-789 123', 'info@utbildningnu.com', 'http://www.utbildningnu.com', '2024-06-14', '2024-06-14'),
    ('RestaurangPro AB', 'Strandgatan 9, Visby', 'Restaurang', '0498-987 654', 'info@restaurangpro.com', 'http://www.restaurangpro.com', '2024-06-15', '2024-06-15'),
    ('TeknikInnovation AB', 'Industrigatan 8, Eskilstuna', 'Teknologi', '016-123 456', 'info@teknikinnovation.com', 'http://www.teknikinnovation.com', '2024-06-16', '2024-06-16'),
    ('Energispecialisterna AB', 'Energigatan 5, Växjö', 'Energi', '0470-555 678', 'info@energispecialisterna.com', 'http://www.energispecialisterna.com', '2024-06-17', '2024-06-17'),
    ('HandelsGruppen AB', 'Handelsvägen 4, Kalmar', 'Handel', '0480-789 123', 'info@handelsgruppen.com', 'http://www.handelsgruppen.com', '2024-06-18', '2024-06-18'),
    ('KreativMedia AB', 'Kreativvägen 7, Gävle', 'Media', '026-987 654', 'info@kreativmedia.com', 'http://www.kreativmedia.com', '2024-06-19', '2024-06-19'),
    ('EventPro AB', 'Eventgatan 2, Lidingö', 'Event', '08-555 678 90', 'info@eventpro.com', 'http://www.eventpro.com', '2024-06-20', '2024-06-20'),
    ('SäkerhetsExperterna AB', 'Säkerhetsvägen 9, Norrköping', 'Säkerhet', '011-123 456', 'info@sakerhetsexperterna.com', 'http://www.sakerhetsexperterna.com', '2024-06-21', '2024-06-21'),
    ('Digitala Lösningar AB', 'Digitalvägen 6, Södertälje', 'Digital', '08-987 654 32', 'info@digitalalosningar.com', 'http://www.digitalalosningar.com', '2024-06-22', '2024-06-22'),
    ('JuridikPro AB', 'Lagvägen 8, Uppsala', 'Juridik', '018-789 123', 'info@juridikpro.com', 'http://www.juridikpro.com', '2024-06-23', '2024-06-23'),
    ('UtvecklingNu AB', 'Framtidsgatan 1, Örebro', 'Utveckling', '019-123 456', 'info@utvecklingnu.com', 'http://www.utvecklingnu.com', '2024-06-24', '2024-06-24'),
    ('KulturKraft AB', 'Kulturgatan 5, Stockholm', 'Kultur', '08-555 678 91', 'info@kulturkraft.com', 'http://www.kulturkraft.com', '2024-06-25', '2024-06-25'),
    ('IT-Pionjärerna AB', 'Innovationvägen 4, Göteborg', 'IT', '031-987 655', 'info@itpionjarerna.com', 'http://www.itpionjarerna.com', '2024-06-26', '2024-06-26'),
    ('LogistikCentralen AB', 'Logistikvägen 3, Malmö', 'Logistik', '040-555 556', 'info@logistikcentralen.com', 'http://www.logistikcentralen.com', '2023-06-27', '2023-06-27'),
    ('Hälsospecialisterna AB', 'Hälsogatan 7, Umeå', 'Hälsovård', '090-987 655', 'info@halsospecialisterna.com', 'http://www.halsospecialisterna.com', '2023-06-28', '2023-06-28'),
    ('MiljöVision AB', 'Miljövägen 2, Västerås', 'Miljöteknik', '021-123 457', 'info@miljovision.com', 'http://www.miljovision.com', '2023-06-29', '2023-06-29'),
    ('ByggSpecialisterna AB', 'Byggvägen 8, Luleå', 'Bygg', '0920-789 124', 'info@byggspecialisterna.com', 'http://www.byggspecialisterna.com', '2023-06-30', '2023-06-30'),
    ('DesignVision AB', 'Arkitektvägen 3, Östersund', 'Design', '063-123 456', 'info@designvision.com', 'http://www.designvision.com', '2024-06-26', '2024-06-26'),
    ('TeknoTech AB', 'Teknikvägen 10, Växjö', 'Teknologi', '0470-987 654', 'info@teknotech.com', 'http://www.teknotech.com', '2023-06-27', '2023-06-27'),
    ('GrönEnergi AB', 'Energigatan 7, Gävle', 'Energi', '026-555 678', 'info@gronenergi.com', 'http://www.gronenergi.com', '2023-06-28', '2023-06-28'),
    ('HandelsPartners AB', 'Handelsgatan 2, Sundsvall', 'Handel', '060-789 123', 'info@handelspartners.com', 'http://www.handelspartners.com', '2023-06-29', '2023-06-29'),
    ('MediaGiganten AB', 'Mediavägen 5, Eskilstuna', 'Media', '016-987 654', 'info@mediagiganten.com', 'http://www.mediagiganten.com', '2023-06-30', '2023-06-30'),
    ('KonsultFokus AB', 'Konsultvägen 8, Uppsala', 'Konsult', '018-123 457', 'info@konsultfokus.com', 'http://www.konsultfokus.com', '2023-07-01', '2023-07-01'),
    ('RestaurangLyx AB', 'Lyxgatan 1, Malmö', 'Restaurang', '040-555 679', 'info@restauranglyx.com', 'http://www.restauranglyx.com', '2023-07-02', '2023-07-02'),
    ('HälsaFörAlla AB', 'Hälsogatan 4, Göteborg', 'Hälsovård', '031-987 655', 'info@halsaforalla.com', 'http://www.halsaforalla.com', '2023-07-03', '2023-07-03'),
    ('ByggStyrka AB', 'Byggarevägen 6, Örebro', 'Bygg', '019-555 679', 'info@byggstyrka.com', 'http://www.byggstyrka.com', '2023-07-04', '2023-07-04'),
    ('TransportEffekt AB', 'Transportvägen 9, Norrköping', 'Transport', '011-123 457', 'info@transporteffekt.com', 'http://www.transporteffekt.com', '2023-07-05', '2023-07-05'),
    ('JuridikExpert AB', 'Juristgatan 3, Stockholm', 'Juridik', '08-789 123 45', 'info@juridikexpert.com', 'http://www.juridikexpert.com', '2023-07-06', '2023-07-06'),
    ('UtbildningsCenter AB', 'Skolvägen 2, Umeå', 'Utbildning', '090-987 655', 'info@utbildningscenter.com', 'http://www.utbildningscenter.com', '2023-07-07', '2023-07-07'),
    ('EventSuccé AB', 'Eventgatan 4, Lund', 'Event', '046-123 457', 'info@eventsucce.com', 'http://www.eventsucce.com', '2023-07-08', '2023-07-08'),
    ('SäkerhetsSolutions AB', 'Säkerhetsvägen 5, Helsingborg', 'Säkerhet', '042-555 679', 'info@sakerhetssolutions.com', 'http://www.sakerhetssolutions.com', '2023-07-09', '2023-07-09'),
    ('DigitalTrend AB', 'Digitalvägen 7, Linköping', 'Digital', '013-987 655', 'info@digitaltrend.com', 'http://www.digitaltrend.com', '2023-07-10', '2023-07-10'),
    ('ForskningPlus AB', 'Forskningsvägen 10, Karlstad', 'Forskning', '054-123 457', 'info@forskningplus.com', 'http://www.forskningplus.com', '2023-07-11', '2023-07-11'),
    ('EkonomiSupport AB', 'Ekonomigatan 6, Borås', 'Ekonomi', '033-555 679', 'info@ekonomisupport.com', 'http://www.ekonomisupport.com', '2023-07-12', '2023-07-12'),
    ('Hälsokraft AB', 'Hälsovårdsgatan 8, Halmstad', 'Hälsovård', '035-789 123', 'info@halsokraft.com', 'http://www.halsokraft.com', '2023-07-13', '2023-07-13'),
    ('MedieProduktion AB', 'Mediaproduktionsvägen 11, Visby', 'Media', '0498-987 655', 'info@medieproduktion.com', 'http://www.medieproduktion.com', '2023-07-14', '2023-07-14'),
    ('IT-Innovation AB', 'Innovationsvägen 9, Karlshamn', 'IT', '0455-123 457', 'info@itinnovation.com', 'http://www.itinnovation.com', '2023-07-15', '2023-07-15'),
    ('ByggProjekt AB', 'Byggprojektsvägen 12, Kristianstad', 'Bygg', '044-555 679', 'info@byggprojekt.com', 'http://www.byggprojekt.com', '2023-07-16', '2023-07-16'),
    ('TransportLogistik AB', 'Logistikvägen 13, Kalmar', 'Transport', '0480-789 123', 'info@transportlogistik.com', 'http://www.transportlogistik.com', '2023-07-17', '2023-07-17'),
    ('JuridikPartner AB', 'Juristvägen 14, Östersund', 'Juridik', '063-987 655', 'info@juridikpartner.com', 'http://www.juridikpartner.com', '2023-07-18', '2023-07-18'),
    ('UtbildningsStudion AB', 'Studiegatan 15, Växjö', 'Utbildning', '0470-123 458', 'info@utbildningsstudion.com', 'http://www.utbildningsstudion.com', '2023-07-19', '2023-07-19'),
    ('EventSverige AB', 'Eventsverigegatan 16, Gävle', 'Event', '026-555 680', 'info@eventsverige.com', 'http://www.eventsverige.com', '2023-07-20', '2023-07-20'),
    ('MiljöHälsa AB', 'Miljohalsogatan 17, Göteborg', 'Miljö', '031-987 656', 'info@miljohalsa.com', 'http://www.miljohalsa.com', '2023-07-21', '2023-07-21'),
    ('DigitaltUppdrag AB', 'Digitaluppdragsgatan 18, Örebro', 'Digital', '019-555 680', 'info@digitaltuppdrag.com', 'http://www.digitaltuppdrag.com', '2023-07-22', '2023-07-22'),
    ('ForskningFramtid AB', 'Forskningsframtidsgatan 19, Norrköping', 'Forskning', '011-123 458', 'info@forskningframtid.com', 'http://www.forskningframtid.com', '2023-07-23', '2023-07-23'),
    ('EkonomiExpert AB', 'Ekonomiexpertsgatan 20, Stockholm', 'Ekonomi', '08-789 123 46', 'info@ekonomiexpert.com', 'http://www.ekonomiexpert.com', '2023-07-24', '2023-07-24');

-- Seed data for contacts table
INSERT INTO contacts (contact_name, email, phone, company_id, job_title, address, notes, last_interaction_date, created_at, updated_at)
VALUES
    ('Johan Svensson', 'johan.svensson@technova.com', '08-123 456 78', 1, 'VD', 'Sveavägen 123, Stockholm', 'Huvudkontaktperson', '2024-05-28', '2024-05-28', '2024-05-28'),
    ('Anna Karlsson', 'anna.karlsson@finanshuset.com', '031-987 654', 2, 'Ekonomichef', 'Vasagatan 12, Göteborg', 'Kontakt för finansfrågor', '2024-05-27', '2024-05-27', '2024-05-27'),
    ('Erik Johansson', 'erik.johansson@industrx.com', '040-555 555', 3, 'Ingenjör', 'Kungsgatan 45, Malmö', 'Teknisk kontakt', '2024-05-26', '2024-05-26', '2024-05-26'),
    ('Maria Nilsson', 'maria.nilsson@handelshuset.com', '018-123 456', 4, 'Försäljningschef', 'Storgatan 1, Uppsala', 'Kontakt för försäljning', '2024-06-01', '2024-06-01', '2024-06-01'),
    ('Lars Andersson', 'lars.andersson@itspecialisterna.com', '046-789 123', 5, 'IT-ansvarig', 'Drottninggatan 5, Lund', 'Kontakt för IT-frågor', '2024-06-02', '2024-06-02', '2024-06-02'),
    ('Sara Eriksson', 'sara.eriksson@logistikpro.com', '013-987 654', 6, 'Logistikchef', 'Stora Torget 8, Linköping', 'Logistikkontakt', '2024-06-03', '2024-06-03', '2024-06-03'),
    ('Per Persson', 'per.persson@halsovard.com', '021-123 456', 7, 'Hälsochef', 'Drottninggatan 10, Västerås', 'Kontakt för hälsovård', '2024-06-04', '2024-06-04', '2024-06-04'),
    ('Kristina Bengtsson', 'kristina.bengtsson@miljotech.com', '019-555 678', 8, 'Miljöansvarig', 'Lilla Torget 7, Örebro', 'Kontakt för miljöfrågor', '2024-06-05', '2024-06-05', '2024-06-05'),
    ('Fredrik Olsson', 'fredrik.olsson@byggvision.com', '042-789 123', 9, 'Byggchef', 'Gustav Adolfs Torg 4, Helsingborg', 'Kontakt för byggfrågor', '2024-06-06', '2024-06-06', '2024-06-06'),
    ('Malin Pettersson', 'malin.pettersson@fastighetspro.com', '036-987 654', 10, 'Fastighetschef', 'Stortorget 6, Jönköping', 'Fastighetskontakt', '2024-06-07', '2024-06-07', '2024-06-07'),
    ('Göran Lindberg', 'goran.lindberg@konsultkraft.com', '054-123 456', 11, 'Konsultchef', 'Västra Hamngatan 5, Karlstad', 'Kontakt för konsulttjänster', '2024-06-08', '2024-06-08', '2024-06-08'),
    ('Linda Gustavsson', 'linda.gustavsson@mediamakers.com', '060-555 678', 12, 'Mediachef', 'Östra Storgatan 3, Sundsvall', 'Kontakt för mediafrågor', '2024-06-09', '2024-06-09', '2024-06-09'),
    ('Oscar Wallin', 'oscar.wallin@fou.com', '0920-789 123', 13, 'Forskare', 'Centralvägen 12, Luleå', 'Kontakt för forskning', '2024-06-10', '2024-06-10', '2024-06-10'),
    ('Elin Magnusson', 'elin.magnusson@transportteam.com', '090-987 654', 14, 'Transportchef', 'Storgatan 18, Umeå', 'Transportkontakt', '2024-06-11', '2024-06-11', '2024-06-11'),
    ('Niklas Holm', 'niklas.holm@finansexperterna.com', '033-123 456', 15, 'Ekonom', 'Bergsgatan 21, Borås', 'Kontakt för ekonomiska frågor', '2024-06-12', '2024-06-12', '2024-06-12'),
    ('Sofia Nilsson', 'sofia.nilsson@halsoteamet.com', '035-555 678', 16, 'Hälsocoach', 'Kungsgatan 30, Halmstad', 'Hälsokontakt', '2024-06-13', '2024-06-13', '2024-06-13'),
    ('Henrik Öberg', 'henrik.oberg@utbildningnu.com', '0455-789 123', 17, 'Utbildningsansvarig', 'Nygatan 2, Karlskrona', 'Kontakt för utbildning', '2024-06-14', '2024-06-14', '2024-06-14'),
    ('Emilia Berg', 'emilia.berg@restaurangpro.com', '0498-987 654', 18, 'Restaurangchef', 'Strandgatan 9, Visby', 'Restaurangkontakt', '2024-06-15', '2024-06-15', '2024-06-15'),
    ('Martin Sjögren', 'martin.sjogren@teknikinnovation.com', '016-123 456', 19, 'Teknisk chef', 'Industrigatan 8, Eskilstuna', 'Kontakt för tekniska frågor', '2024-06-16', '2024-06-16', '2024-06-16'),
    ('Jenny Forsberg', 'jenny.forsberg@energispecialisterna.com', '0470-555 678', 20, 'Energichef', 'Energigatan 5, Växjö', 'Energikontakt', '2024-06-17', '2024-06-17', '2024-06-17'),
    ('Olivia Andersson', 'olivia.andersson@designvision.com', '063-123 457', 34, 'Arkitekt', 'Arkitektvägen 3, Östersund', 'Huvudkontakt för arkitekturfrågor', '2023-07-01', '2023-07-01', '2023-07-01'),
    ('Lucas Karlsson', 'lucas.karlsson@teknotech.com', '0470-987 655', 35, 'Tekniker', 'Teknikvägen 10, Växjö', 'Teknisk support', '2023-07-02', '2023-07-02', '2023-07-02'),
    ('Ella Nyström', 'ella.nystrom@gronenergi.com', '026-555 679', 36, 'Energiingenjör', 'Energigatan 7, Gävle', 'Energiteknisk expert', '2023-07-03', '2023-07-03', '2023-07-03'),
    ('Oscar Bergqvist', 'oscar.bergqvist@handelspartners.com', '060-789 124', 37, 'Handelsspecialist', 'Handelsgatan 2, Sundsvall', 'Handelsrelaterade frågor', '2023-07-04', '2023-07-04', '2023-07-04'),
    ('Alva Jansson', 'alva.jansson@mediagiganten.com', '016-987 655', 38, 'Medieproducent', 'Mediavägen 5, Eskilstuna', 'Produktion av medieinnehåll', '2023-07-05', '2023-07-05', '2023-07-05'),
    ('Liam Andersson', 'liam.andersson@konsultfokus.com', '018-123 458', 39, 'Konsultansvarig', 'Konsultvägen 8, Uppsala', 'Ansvarig för konsulttjänster', '2023-07-06', '2023-07-06', '2023-07-06'),
    ('Maja Lindström', 'maja.lindstrom@restauranglyx.com', '040-555 680', 40, 'Kökschef', 'Lyxgatan 1, Malmö', 'Ansvarig för restaurangköket', '2023-07-07', '2023-07-07', '2023-07-07'),
    ('Noah Eriksson', 'noah.eriksson@halsaforalla.com', '031-987 656', 41, 'Hälsocoach', 'Hälsogatan 4, Göteborg', 'Hälsofrämjande åtgärder', '2023-07-08', '2023-07-08', '2023-07-08'),
    ('Wilma Nilsson', 'wilma.nilsson@byggstyrka.com', '019-555 680', 42, 'Byggledare', 'Byggarevägen 6, Örebro', 'Byggprojektledning', '2023-07-09', '2023-07-09', '2023-07-09'),
    ('Leo Pettersson', 'leo.pettersson@transporteffekt.com', '011-123 458', 43, 'Logistikkoordinator', 'Transportvägen 9, Norrköping', 'Koordinering av transporter', '2023-07-10', '2023-07-10', '2023-07-10'),
    ('Elsa Gustavsson', 'elsa.gustavsson@juridikexpert.com', '08-789 123 46', 44, 'Jurist', 'Juristgatan 3, Stockholm', 'Juridisk rådgivning', '2023-07-11', '2023-07-11', '2023-07-11'),
    ('Viktor Berg', 'viktor.berg@utbildningscenter.com', '090-987 655', 45, 'Utbildare', 'Skolvägen 2, Umeå', 'Pedagogiskt ansvar', '2023-07-12', '2023-07-12', '2023-07-12'),
    ('Nova Sjöberg', 'nova.sjoberg@eventsucce.com', '046-123 458', 46, 'Eventkoordinator', 'Eventgatan 4, Lund', 'Planering och genomförande av events', '2023-07-13', '2023-07-13', '2023-07-13'),
    ('Adam Karlsson', 'adam.karlsson@sakerhetssolutions.com', '042-555 680', 47, 'Säkerhetsexpert', 'Säkerhetsvägen 5, Helsingborg', 'Säkerhetsanalyser', '2023-07-14', '2023-07-14', '2023-07-14'),
    ('Ella Johansson', 'ella.johansson@digitaltrend.com', '013-987 656', 48, 'Digital marknadsförare', 'Digitalvägen 7, Linköping', 'Digital marknadsföring', '2023-07-15', '2023-07-15', '2023-07-15'),
    ('William Lindberg', 'william.lindberg@forskningplus.com', '054-123 458', 49, 'Forskare', 'Forskningsvägen 10, Karlstad', 'Forskningsprojekt', '2023-07-16', '2023-07-16', '2023-07-16'),
    ('Alma Eriksson', 'alma.eriksson@ekonomisupport.com', '033-555 680', 50, 'Ekonomikonsult', 'Ekonomigatan 6, Borås', 'Ekonomiska rådgivningstjänster', '2023-07-17', '2023-07-17', '2023-07-17'),
    ('Nils Nilsson', 'nils.nilsson@halsokraft.com', '035-789 123', 51, 'Hälsocoach', 'Hälsovårdsgatan 8, Halmstad', 'Hälsorådgivning', '2023-07-18', '2023-07-18', '2023-07-18'),
    ('Agnes Öberg', 'agnes.oberg@medieproduktion.com', '0498-987 655', 52, 'Medieproducent', 'Mediaproduktionsvägen 11, Visby', 'Produktion av media', '2023-07-19', '2023-07-19', '2023-07-19'),
    ('Oscar Nyström', 'oscar.nystrom@itinnovation.com', '0455-123 458', 53, 'IT-konsult', 'Innovationsvägen 9, Karlshamn', 'IT-lösningar', '2023-07-20', '2023-07-20', '2023-07-20'),
    ('Molly Sjöström', 'molly.sjoström@byggprojekt.com', '044-555 680', 54, 'Byggprojektledare', 'Byggprojektsvägen 12, Kristianstad', 'Projektledning inom byggsektorn', '2023-07-21', '2023-07-21', '2023-07-21'),
    ('Elias Lundgren', 'elias.lundgren@transportlogistik.com', '0480-789 123', 55, 'Logistikchef', 'Logistikvägen 13, Kalmar', 'Ledning av logistikverksamhet', '2023-07-22', '2023-07-22', '2023-07-22'),
    ('Alicia Gustafsson', 'alicia.gustafsson@juridikpartner.com', '063-987 655', 56, 'Jurist', 'Juristvägen 14, Östersund', 'Juridisk expertis', '2023-07-23', '2023-07-23', '2023-07-23'),
    ('Emil Andersson', 'emil.andersson@designvision.com', '063-123 459', 34, 'Arkitektassistent', 'Arkitektvägen 3, Östersund', 'Assistent åt arkitekten', '2023-07-24', '2023-07-24', '2023-07-24'),
    ('Ella Persson', 'ella.persson@designvision.com', '063-123 460', 34, 'Arkitektpraktikant', 'Arkitektvägen 3, Östersund', 'Praktikant inom arkitektur', '2023-07-25', '2023-07-25', '2023-07-25'),
    ('Gustav Larsson', 'gustav.larsson@teknotech.com', '0470-987 656', 35, 'Tekniksupport', 'Teknikvägen 10, Växjö', 'Support för teknikfrågor', '2023-07-26', '2023-07-26', '2023-07-26'),
    ('Amanda Berg', 'amanda.berg@gronenergi.com', '026-555 680', 36, 'Energitekniker', 'Energigatan 7, Gävle', 'Teknisk support inom energi', '2023-07-27', '2023-07-27', '2023-07-27'),
    ('Max Karlsson', 'max.karlsson@handelspartners.com', '060-789 125', 37, 'Handelssäljare', 'Handelsgatan 2, Sundsvall', 'Försäljning av handelsvaror', '2023-07-28', '2023-07-28', '2023-07-28'),
    ('Isabella Nilsson', 'isabella.nilsson@mediagiganten.com', '016-987 656', 38, 'Medieproducentassistent', 'Mediavägen 5, Eskilstuna', 'Assistans i mediaproduktion', '2023-07-29', '2023-07-29', '2023-07-29'),
    ('Felix Berg', 'felix.berg@konsultfokus.com', '018-123 459', 39, 'Konsultkoordinator', 'Konsultvägen 8, Uppsala', 'Koordinering av konsultuppdrag', '2023-07-30', '2023-07-30', '2023-07-30'),
    ('Molly Karlsson', 'molly.karlsson@restauranglyx.com', '040-555 681', 40, 'Servitris', 'Lyxgatan 1, Malmö', 'Servering och kundservice', '2023-07-31', '2023-07-31', '2023-07-31'),
    ('Theo Svensson', 'theo.svensson@halsaforalla.com', '031-987 657', 41, 'Hälsoanalytiker', 'Hälsogatan 4, Göteborg', 'Analys av hälsodata', '2024-02-01', '2024-02-01', '2024-02-01'),
    ('Alma Lindgren', 'alma.lindgren@byggstyrka.com', '019-555 681', 42, 'Byggingenjör', 'Byggarevägen 6, Örebro', 'Teknisk expertis inom bygg', '2024-02-02', '2024-02-02', '2024-02-02'),
    ('Harry Jonsson', 'harry.jonsson@transporteffekt.com', '011-123 459', 43, 'Logistikassistent', 'Transportvägen 9, Norrköping', 'Administrativa uppgifter inom logistik', '2024-02-03', '2024-02-03', '2024-02-03'),
    ('Signe Andersson', 'signe.andersson@juridikexpert.com', '08-789 123 47', 44, 'Paralegal', 'Juristgatan 3, Stockholm', 'Juridiskt stöd och research', '2024-02-04', '2024-02-04', '2024-02-04'),
    ('Viggo Karlsson', 'viggo.karlsson@utbildningscenter.com', '090-987 656', 45, 'Lärare', 'Skolvägen 2, Umeå', 'Undervisning i olika ämnen', '2024-02-05', '2024-02-05', '2024-02-05'),
    ('Ellen Pettersson', 'ellen.pettersson@eventsucce.com', '046-123 459', 46, 'Eventplanerare', 'Eventgatan 4, Lund', 'Planering och koordinering av events', '2024-02-06', '2024-02-06', '2024-02-06'),
    ('Anton Nilsson', 'anton.nilsson@sakerhetssolutions.com', '042-555 681', 47, 'Säkerhetskonsult', 'Säkerhetsvägen 5, Helsingborg', 'Konsultation inom säkerhet', '2024-02-07', '2024-02-07', '2024-02-07'),
    ('Saga Eriksson', 'saga.eriksson@digitaltrend.com', '013-987 657', 48, 'Digital strateg', 'Digitalvägen 7, Linköping', 'Strategisk rådgivning inom digital marknadsföring', '2024-02-08', '2024-02-08', '2024-02-08'),
    ('Melvin Gustafsson', 'melvin.gustafsson@forskningplus.com', '054-123 459', 49, 'Forskningsassistent', 'Forskningsvägen 10, Karlstad', 'Assistans i forskningsprojekt', '2024-02-09', '2024-02-09', '2024-02-09'),
    ('Elvira Eriksson', 'elvira.eriksson@ekonomisupport.com', '033-555 681', 50, 'Ekonomiassistent', 'Ekonomigatan 6, Borås', 'Assistans i ekonomifrågor', '2024-02-10', '2024-02-10', '2024-02-10'),
    ('Hugo Bergqvist', 'hugo.bergqvist@halsokraft.com', '035-789 124', 51, 'Hälsospecialist', 'Hälsovårdsgatan 8, Halmstad', 'Specialist inom hälsorådgivning', '2024-02-11', '2024-02-11', '2024-02-11'),
    ('Sara Andersson', 'sara.andersson@medieproduktion.com', '0498-987 656', 52, 'Mediaproducent', 'Mediaproduktionsvägen 11, Visby', 'Produktion av media', '2024-02-12', '2024-02-12', '2024-02-12'),
    ('Olle Persson', 'olle.persson@itinnovation.com', '0455-123 459', 53, 'IT-tekniker', 'Innovationsvägen 9, Karlshamn', 'Support och underhåll av IT-system', '2024-02-13', '2024-02-13', '2024-02-13'),
    ('Alice Karlsson', 'alice.karlsson@byggprojekt.com', '044-555 681', 54, 'Byggprojektassistent', 'Byggprojektsvägen 12, Kristianstad', 'Assistans i byggprojekt', '2024-02-14', '2024-02-14', '2024-02-14'),
    ('Ludvig Jonsson', 'ludvig.jonsson@transportlogistik.com', '0480-789 124', 55, 'Logistikkoordinator', 'Logistikvägen 13, Kalmar', 'Koordinering av logistikverksamhet', '2024-02-15', '2024-02-15', '2024-02-15'),
    ('Alfred Svensson', 'alfred.svensson@designvision.com', '063-123 461', 34, 'Arkitektassistent', 'Arkitektvägen 3, Östersund', 'Assistent åt arkitekten', '2024-02-16', '2024-02-16', '2024-02-16'),
    ('Nora Lindberg', 'nora.lindberg@designvision.com', '063-123 462', 34, 'Arkitektpraktikant', 'Arkitektvägen 3, Östersund', 'Praktikant inom arkitektur', '2024-02-17', '2024-02-17', '2024-02-17'),
    ('Isak Eriksson', 'isak.eriksson@teknotech.com', '0470-987 657', 35, 'Teknikkonsult', 'Teknikvägen 10, Växjö', 'Konsultation inom teknik', '2024-02-18', '2024-02-18', '2024-02-18'),
    ('Nova Karlsson', 'nova.karlsson@gronenergi.com', '026-555 681', 36, 'Energikonsult', 'Energigatan 7, Gävle', 'Rådgivning inom energieffektivisering', '2024-02-19', '2024-02-19', '2024-02-19'),
    ('Elton Persson', 'elton.persson@handelspartners.com', '060-789 126', 37, 'Handelsanalytiker', 'Handelsgatan 2, Sundsvall', 'Marknadsanalyser och försäljningsstrategier', '2024-02-20', '2024-02-20', '2024-02-20'),
    ('Ebba Johansson', 'ebba.johansson@mediagiganten.com', '016-987 657', 38, 'Medieproducent', 'Mediavägen 5, Eskilstuna', 'Produktion och redigering av media', '2024-02-21', '2024-02-21', '2024-02-21'),
    ('Liam Berg', 'liam.berg@konsultfokus.com', '018-123 460', 39, 'Konsultassistent', 'Konsultvägen 8, Uppsala', 'Administrativt stöd till konsultverksamhet', '2024-02-22', '2024-02-22', '2024-02-22'),
    ('Selma Nilsson', 'selma.nilsson@restauranglyx.com', '040-555 682', 40, 'Kock', 'Lyxgatan 1, Malmö', 'Ansvarig för matlagning', '2024-02-23', '2024-02-23', '2024-02-23'),
    ('Neo Sjöberg', 'neo.sjoberg@halsaforalla.com', '031-987 658', 41, 'Hälsoinstruktör', 'Hälsogatan 4, Göteborg', 'Instruktion och coachning inom hälsa', '2024-02-24', '2024-02-24', '2024-02-24'),
    ('Livia Gustavsson', 'livia.gustavsson@byggstyrka.com', '019-555 682', 42, 'Byggtekniker', 'Byggarevägen 6, Örebro', 'Teknisk support och projektledning inom bygg', '2024-02-25', '2024-02-25', '2024-02-25'),
    ('Noel Eriksson', 'noel.eriksson@transporteffekt.com', '011-123 460', 43, 'Logistikadministratör', 'Transportvägen 9, Norrköping', 'Administrativt stöd till logistikverksamhet', '2024-02-26', '2024-02-26', '2024-02-26'),
    ('Vera Andersson', 'vera.andersson@juridikexpert.com', '08-789 123 48', 44, 'Juridisk assistent', 'Juristgatan 3, Stockholm', 'Administrativ support inom juridik', '2024-02-27', '2024-02-27', '2024-02-27'),
    ('Algot Berg', 'algot.berg@utbildningscenter.com', '090-987 657', 45, 'Utbildningsadministratör', 'Skolvägen 2, Umeå', 'Administrativa uppgifter inom utbildning', '2024-02-28', '2024-02-28', '2024-02-28'),
    ('Wilhelmina Pettersson', 'wilhelmina.pettersson@eventsucce.com', '046-123 460', 46, 'Eventkoordinator', 'Eventgatan 4, Lund', 'Planering och genomförande av evenemang', '2024-02-29', '2024-02-29', '2024-02-29'),
    ('Sixten Nilsson', 'sixten.nilsson@sakerhetssolutions.com', '042-555 682', 47, 'Säkerhetsanalytiker', 'Säkerhetsvägen 5, Helsingborg', 'Analyser av säkerhetsrisker och -lösningar', '2024-02-30', '2024-02-30', '2024-02-30'),
    ('Tindra Eriksson', 'tindra.eriksson@digitaltrend.com', '013-987 658', 48, 'Digital marknadsstrateg', 'Digitalvägen 7, Linköping', 'Strategiskt arbete inom digital marknadsföring', '2024-02-31', '2024-02-31', '2024-02-31'),
    ('Harry Lindberg', 'harry.lindberg@forskningplus.com', '054-123 460', 49, 'Forskningskoordinator', 'Forskningsvägen 10, Karlstad', 'Koordinering och administrativ support för forskningsprojekt', '2023-09-01', '2023-09-01', '2023-09-01'),
    ('Ellinor Andersson', 'ellinor.andersson@ekonomisupport.com', '033-555 682', 50, 'Ekonomikonsultant', 'Ekonomigatan 6, Borås', 'Konsultation och rådgivning inom ekonomi', '2023-09-02', '2023-09-02', '2023-09-02'),
    ('Melker Eriksson', 'melker.eriksson@halsokraft.com', '035-789 125', 51, 'Hälsocoach', 'Hälsovårdsgatan 8, Halmstad', 'Coachning och hälsorådgivning', '2023-09-03', '2023-09-03', '2023-09-03'),
    ('Alva Pettersson', 'alva.pettersson@medieproduktion.com', '0498-987 657', 52, 'Medieproducentassistent', 'Mediaproduktionsvägen 11, Visby', 'Administrativt stöd i medieproduktion', '2023-09-04', '2023-09-04', '2023-09-04'),
    ('Ville Nilsson', 'ville.nilsson@itinnovation.com', '0455-123 460', 53, 'IT-administratör', 'Innovationsvägen 9, Karlshamn', 'Administration och support av IT-system', '2023-09-05', '2023-09-05', '2023-09-05'),
    ('Tilda Karlsson', 'tilda.karlsson@byggprojekt.com', '044-555 682', 54, 'Byggprojektassistent', 'Byggprojektsvägen 12, Kristianstad', 'Assistans i genomförande av byggprojekt', '2023-09-06', '2023-09-06', '2023-09-06'),
    ('Sofia Nilsson', 'sofia.nilsson@designvision.com', '063-123 463', 34, 'Arkitekt', 'Arkitektvägen 3, Östersund', 'Huvudarkitekt för projekt', '2023-09-07', '2023-09-07', '2023-09-07'),
    ('William Berg', 'william.berg@designvision.com', '063-123 464', 34, 'Projektledare', 'Arkitektvägen 3, Östersund', 'Ansvarig för projektplanering', '2023-09-08', '2023-09-08', '2023-09-08'),
    ('Linnea Eriksson', 'linnea.eriksson@designvision.com', '063-123 465', 34, 'Arkitekturassistent', 'Arkitektvägen 3, Östersund', 'Assistans i arkitekturprojekt', '2023-09-09', '2023-09-09', '2023-09-09'),
    ('Oscar Andersson', 'oscar.andersson@designvision.com', '063-123 466', 34, 'Arkitekturstudenter', 'Arkitektvägen 3, Östersund', 'Praktikant inom arkitektur', '2023-09-10', '2023-09-10', '2023-09-10'),
    ('Elsa Persson', 'elsa.persson@teknotech.com', '0470-987 658', 35, 'Teknikspecialist', 'Teknikvägen 10, Växjö', 'Specialist inom teknikutveckling', '2023-09-11', '2023-09-11', '2023-09-11'),
    ('Noel Larsson', 'noel.larsson@teknotech.com', '0470-987 659', 35, 'Teknisk säljare', 'Teknikvägen 10, Växjö', 'Försäljning av teknikprodukter', '2023-09-12', '2023-09-12', '2023-09-12'),
    ('Maja Gustavsson', 'maja.gustavsson@gronenergi.com', '026-555 682', 36, 'Energirådgivare', 'Energigatan 7, Gävle', 'Rådgivning om energilösningar', '2023-09-13', '2023-09-13', '2023-09-13'),
    ('Leo Lindberg', 'leo.lindberg@gronenergi.com', '026-555 683', 36, 'Energianalytiker', 'Energigatan 7, Gävle', 'Analyser av energiförbrukning', '2023-09-14', '2023-09-14', '2023-09-14'),
    ('Ebba Karlsson', 'ebba.karlsson@handelspartners.com', '060-789 127', 37, 'Försäljningschef', 'Handelsgatan 2, Sundsvall', 'Ledning av försäljningsteam', '2023-09-15', '2023-09-15', '2023-09-15'),
    ('Viggo Persson', 'viggo.persson@handelspartners.com', '060-789 128', 37, 'Marknadsstrateg', 'Handelsgatan 2, Sundsvall', 'Utveckling av marknadsstrategier', '2023-09-16', '2023-09-16', '2023-09-16'),
    ('Astrid Eriksson', 'astrid.eriksson@mediagiganten.com', '016-987 658', 38, 'Medieproducent', 'Mediavägen 5, Eskilstuna', 'Produktion av mediainnehåll', '2023-09-17', '2023-09-17', '2023-09-17'),
    ('Elvin Nilsson', 'elvin.nilsson@mediagiganten.com', '016-987 659', 38, 'Mediekoordinator', 'Mediavägen 5, Eskilstuna', 'Koordinering av medieproduktion', '2023-09-18', '2023-09-18', '2023-09-18'),
    ('Alva Berg', 'alva.berg@konsultfokus.com', '018-123 461', 39, 'Konsultchef', 'Konsultvägen 8, Uppsala', 'Ledning av konsultverksamhet', '2023-09-19', '2023-09-19', '2023-09-19'),
    ('Wilhelm Svensson', 'wilhelm.svensson@konsultfokus.com', '018-123 462', 39, 'Konsultutvecklare', 'Konsultvägen 8, Uppsala', 'Utveckling av konsulttjänster', '2023-09-20', '2023-09-20', '2023-09-20'),
    ('Stella Eriksson', 'stella.eriksson@restauranglyx.com', '040-555 683', 40, 'Köksmästare', 'Lyxgatan 1, Malmö', 'Ansvarig för kökets drift', '2023-09-21', '2023-09-21', '2023-09-21'),
    ('Valter Johansson', 'valter.johansson@restauranglyx.com', '040-555 684', 40, 'Sommelier', 'Lyxgatan 1, Malmö', 'Expert inom vin- och dryckessortiment', '2023-09-22', '2023-09-22', '2023-09-22'),
    ('Elsa Berg', 'elsa.berg@halsaforalla.com', '031-987 659', 41, 'Hälsorådgivare', 'Hälsogatan 4, Göteborg', 'Rådgivning och stöd för hälsobefrämjande åtgärder', '2023-09-23', '2023-09-23', '2023-09-23'),
    ('Melissa Sjöberg', 'melissa.sjoberg@halsaforalla.com', '031-987 660', 41, 'Hälsoinstruktör', 'Hälsogatan 4, Göteborg', 'Instruktion och coachning inom hälsa', '2023-09-24', '2023-09-24', '2023-09-24'),
    ('Gustav Jonsson', 'gustav.jonsson@byggstyrka.com', '019-555 683', 42, 'Byggledare', 'Byggarevägen 6, Örebro', 'Ledning och styrning av byggprojekt', '2023-09-25', '2023-09-25', '2023-09-25'),
    ('Ellie Andersson', 'ellie.andersson@byggstyrka.com', '019-555 684', 42, 'Byggprojektledare', 'Byggarevägen 6, Örebro', 'Planering och ledning av byggprojekt', '2023-09-26', '2023-09-26', '2023-09-26'),
    ('Eddie Larsson', 'eddie.larsson@transporteffekt.com', '011-123 461', 43, 'Logistikchef', 'Transportvägen 9, Norrköping', 'Ledning av logistikverksamhet', '2023-09-27', '2023-09-27', '2023-09-27'),
    ('Vilda Berg', 'vilda.berg@transporteffekt.com', '011-123 462', 43, 'Logistikplanerare', 'Transportvägen 9, Norrköping', 'Planering och optimering av logistikflöden', '2023-09-28', '2023-09-28', '2023-09-28'),
    ('Jack Andersson', 'jack.andersson@juridikexpert.com', '08-789 123 49', 44, 'Juridisk rådgivare', 'Juristgatan 3, Stockholm', 'Rådgivning inom juridik', '2023-09-29', '2023-09-29', '2023-09-29');

-- Seed data for assignments table
INSERT INTO assignments (assignment_name, responsible_person_id, external_contact_person_id, relevant_files, fee, type, status, created_at, updated_at)
VALUES
    ('Projekt Alfa', 1, 2, 'dokument1.pdf, ritning1.dwg', 50000.00, 'Utveckling', 'Pågående', '2024-06-01', '2024-06-01'),
    ('Projekt Beta', 3, 4, 'rapport1.docx, budget.xlsx', 25000.00, 'Konsulttjänst', 'Avslutat', '2024-06-02', '2024-06-02'),
    ('Projekt Gamma', 5, 6, 'schema.pdf, manual.pdf', 75000.00, 'Installation', 'Pågående', '2024-06-03', '2024-06-03'),
    ('Projekt Delta', 7, 8, 'kontrakt.pdf, ritning2.dwg', 60000.00, 'Byggnation', 'Avslutat', '2024-06-04', '2024-06-04'),
    ('Projekt Epsilon', 9, 10, 'analys.docx, rapport2.pdf', 35000.00, 'Analys', 'Pågående', '2024-06-05', '2024-06-05'),
    ('Projekt Zeta', 11, 12, 'presentation.pptx, budget2.xlsx', 45000.00, 'Konsulttjänst', 'Avslutat', '2024-06-06', '2024-06-06'),
    ('Projekt Eta', 13, 14, 'dokument2.pdf, ritning3.dwg', 55000.00, 'Utveckling', 'Pågående', '2024-06-07', '2024-06-07'),
    ('Projekt Theta', 15, 16, 'rapport3.docx, schema2.pdf', 30000.00, 'Underhåll', 'Avslutat', '2024-06-08', '2024-06-08'),
    ('Projekt Iota', 17, 18, 'manual2.pdf, analys2.docx', 70000.00, 'Installation', 'Pågående', '2024-06-09', '2024-06-09'),
    ('Projekt Kappa', 19, 20, 'presentation2.pptx, budget3.xlsx', 40000.00, 'Konsulttjänst', 'Avslutat', '2024-06-10', '2024-06-10'),
    ('Galaktiskt Äventyr', 1, 3, 'galaxy.pdf, star-map.dwg', 80000.00, 'Utforskning', 'Pågående', '2024-06-11', '2024-06-11'),
    ('Kreativ Teknik', 2, 1, 'innovation.docx, prototype.pdf', 65000.00, 'Teknisk Utveckling', 'Avslutat', '2024-06-12', '2024-06-12'),
    ('Magisk Resa', 3, 2, 'spellbook.pdf, enchanted-map.dwg', 90000.00, 'Event', 'Pågående', '2024-06-13', '2024-06-13'),
    ('Hemlig Uppdrag', 4, 4, 'classified.pdf, mission-report.docx', 70000.00, 'Säkerhet', 'Avslutat', '2024-06-14', '2024-06-14'),
    ('Världens Räddning', 5, 6, 'global-map.pdf, emergency-plan.xlsx', 95000.00, 'Krishantering', 'Pågående', '2024-06-15', '2024-06-15'),
    ('Robotrevolution', 6, 5, 'robot-design.dwg, AI-programming.pdf', 72000.00, 'Teknologi', 'Avslutat', '2024-06-16', '2024-06-16'),
    ('Mystiska Mysterier', 7, 8, 'mystery-clues.docx, puzzle-solution.pdf', 78000.00, 'Event', 'Pågående', '2024-06-17', '2024-06-17'),
    ('Rymdäventyret', 8, 7, 'spacecraft-design.dwg, galaxy-exploration.pdf', 84000.00, 'Utforskning', 'Avslutat', '2024-06-18', '2024-06-18'),
    ('Fantastisk Fantasi', 9, 10, 'fantasy-world.pdf, magic-spellbook.docx', 68000.00, 'Event', 'Pågående', '2024-06-19', '2024-06-19'),
    ('Teknologisk Innovation', 10, 9, 'innovation-strategy.pdf, tech-blueprint.docx', 89000.00, 'Teknologi', 'Avslutat', '2024-06-20', '2024-06-20'),
    ('Hemlig Kodknäckning', 11, 12, 'code-cracking.pdf, secret-messages.xlsx', 73000.00, 'Säkerhet', 'Pågående', '2024-06-21', '2024-06-21'),
    ('Gränslös Kreativitet', 12, 11, 'creative-ideas.docx, innovation-blueprint.pdf', 80000.00, 'Innovation', 'Avslutat', '2024-06-22', '2024-06-22'),
    ('Underjordisk Expedition', 13, 14, 'underground-map.pdf, cave-exploration.docx', 76000.00, 'Utforskning', 'Pågående', '2024-06-23', '2024-06-23'),
    ('Framtidens Teknik', 14, 13, 'future-tech.pdf, robotics-blueprint.dwg', 83000.00, 'Teknologi', 'Avslutat', '2024-06-24', '2024-06-24'),
    ('Skräckinjagande Äventyr', 15, 16, 'horror-story.pdf, spooky-scenes.docx', 69000.00, 'Event', 'Pågående', '2024-06-25', '2024-06-25'),
    ('Tekniskt Genombrott', 16, 15, 'tech-breakthrough.pdf, research-report.docx', 86000.00, 'Innovation', 'Avslutat', '2024-06-26', '2024-06-26'),
    ('Mystiska Hemligheter', 17, 18, 'mysterious-artifacts.pdf, ancient-scrolls.docx', 74000.00, 'Event', 'Pågående', '2023-06-27', '2023-06-27'),
    ('Gränsöverskridande Teknik', 18, 17, 'cross-tech.pdf, global-innovation.dwg', 82000.00, 'Teknologi', 'Avslutat', '2023-06-28', '2023-06-28'),
    ('Fantastiska Världar', 19, 20, 'fantasy-landscapes.pdf, magic-creatures.docx', 75000.00, 'Event', 'Pågående', '2023-06-29', '2023-06-29'),
    ('Visionär Teknologi', 20, 19, 'visionary-tech.pdf, future-technology.docx', 87000.00, 'Teknologi', 'Avslutat', '2023-06-30', '2023-06-30'),
    ('Marknadsanalys och Strategi', 20, 22, 'marknadsrapport.pdf, strategidokument.docx', 80000.00, 'Analys', 'Pågående', '2023-07-01', '2023-07-01'),
    ('Ekonomisk Planering', 21, 21, 'budget.xlsx, ekonomisk-analys.pdf', 75000.00, 'Finans', 'Avslutat', '2023-07-02', '2023-07-02'),
    ('Juridisk Granskning', 22, 24, 'juridiskt-utlåtande.pdf, kontrakt.docx', 85000.00, 'Juridik', 'Pågående', '2023-07-03', '2023-07-03'),
    ('Riskhantering och Säkerhet', 23, 23, 'riskanalys.pdf, säkerhetsplan.docx', 72000.00, 'Säkerhet', 'Avslutat', '2023-07-04', '2023-07-04'),
    ('Strategisk IT-Implementering', 24, 26, 'IT-strategi.pdf, implementeringsplan.docx', 90000.00, 'IT', 'Pågående', '2023-07-05', '2023-07-05'),
    ('Miljöpåverkan och Hållbarhet', 25, 25, 'miljörapport.pdf, hållbarhetsplan.docx', 78000.00, 'Miljö', 'Avslutat', '2023-07-06', '2023-07-06'),
    ('Affärsutveckling och Expansion', 26, 28, 'affärsplan.pdf, expansionsstrategi.docx', 86000.00, 'Affärsutveckling', 'Pågående', '2023-07-07', '2023-07-07'),
    ('Kvalitetskontroll och Revision', 27, 27, 'kvalitetsrapport.pdf, revisionsprotokoll.docx', 74000.00, 'Kvalitet', 'Avslutat', '2023-07-08', '2023-07-08'),
    ('Projektledning och Samordning', 28, 30, 'projektplan.pdf, samordningsdokument.docx', 92000.00, 'Projektledning', 'Pågående', '2023-07-09', '2023-07-09'),
    ('Marknadsföringsstrategi och Kampanj', 29, 29, 'marknadsföringsstrategi.pdf, kampanjplan.docx', 79000.00, 'Marknadsföring', 'Avslutat', '2023-07-10', '2023-07-10'),
    ('HR-strategi och Rekrytering', 30, 32, 'HR-strategi.pdf, rekryteringsplan.docx', 88000.00, 'HR', 'Pågående', '2023-07-11', '2023-07-11'),
    ('Företagskommunikation och PR', 31, 31, 'kommunikationsplan.pdf, PR-strategi.docx', 76000.00, 'Kommunikation', 'Avslutat', '2023-07-12', '2023-07-12'),
    ('Logistikoptimering och Distribution', 32, 34, 'logistikplan.pdf, distributionsstrategi.docx', 94000.00, 'Logistik', 'Pågående', '2023-07-13', '2023-07-13'),
    ('Teknisk Support och Service', 33, 33, 'supportplan.pdf, serviceavtal.docx', 81000.00, 'Tekniskt stöd', 'Avslutat', '2023-07-14', '2023-07-14'),
    ('Produktutveckling och Innovation', 34, 36, 'produktutveckling.pdf, innovationsplan.docx', 90000.00, 'Produktutveckling', 'Pågående', '2023-07-15', '2023-07-15'),
    ('Utbildning och Kompetensutveckling', 35, 35, 'utbildningsplan.pdf, kompetensutvecklingsprogram.docx', 77000.00, 'Utbildning', 'Avslutat', '2023-07-16', '2023-07-16'),
    ('Energioptimering och Gröna Initiativ', 36, 38, 'energistrategi.pdf, gröna-initiativ.docx', 96000.00, 'Energi', 'Pågående', '2023-07-17', '2023-07-17'),
    ('Försäljningsstrategi och Marknadsanalys', 37, 37, 'försäljningsstrategi.pdf, marknadsanalys.docx', 82000.00, 'Försäljning', 'Avslutat', '2023-07-18', '2023-07-18'),
    ('Forskning och Utveckling', 38, 40, 'forskningsrapport.pdf, utvecklingsplan.docx', 92000.00, 'Forskning', 'Pågående', '2023-07-19', '2023-07-19'),
    ('Internationell Expansion och Marknadsinträde', 39, 39, 'expansionsstrategi.pdf, marknadsinträdesplan.docx', 79000.00, 'Expansion', 'Avslutat', '2023-07-20', '2023-07-20'),
    ('Strategisk Partnerskap och Affärssamarbeten', 40, 42, 'partnerskapsavtal.pdf, affärssamarbetsplan.docx', 88000.00, 'Partnerskap', 'Pågående', '2023-07-21', '2023-07-21'),
    ('Byggnadskonstruktion och Planering', 40, 42, 'byggplan.pdf, konstruktionsritningar.dwg', 85000.00, 'Byggnadskonstruktion', 'Pågående', '2023-07-22', '2023-07-22'),
    ('Fastighetsutveckling och Renovering', 41, 41, 'fastighetsutvecklingsplan.pdf, renoveringsplan.docx', 80000.00, 'Fastighetsutveckling', 'Avslutat', '2023-07-23', '2023-07-23'),
    ('Fastighetsvärdering och Analys', 42, 44, 'fastighetsvärderingsrapport.pdf, marknadsanalys.docx', 87000.00, 'Fastighetsvärdering', 'Pågående', '2023-07-24', '2023-07-24'),
    ('Projektledning för Nybyggnation', 43, 43, 'projektledningsdokument.pdf, byggplaner.docx', 72000.00, 'Projektledning', 'Avslutat', '2023-07-25', '2023-07-25'),
    ('Miljöcertifiering och Hållbarhetsanalys', 44, 46, 'miljöcertifieringsrapport.pdf, hållbarhetsanalys.docx', 90000.00, 'Miljöcertifiering', 'Pågående', '2023-07-26', '2023-07-26'),
    ('Fastighetsförvaltning och Driftsplanering', 45, 45, 'fastighetsförvaltningsplan.pdf, driftsplan.docx', 78000.00, 'Fastighetsförvaltning', 'Avslutat', '2023-07-27', '2023-07-27'),
    ('Energioptimering och Gröna Byggnader', 46, 48, 'energioptimeringsplan.pdf, gröna-byggnader.docx', 92000.00, 'Energioptimering', 'Pågående', '2023-07-28', '2023-07-28'),
    ('Marknadsföring och Försäljning av Fastigheter', 47, 47, 'marknadsföringsstrategi.pdf, försäljningsplan.docx', 75000.00, 'Fastighetsförsäljning', 'Avslutat', '2023-07-29', '2023-07-29'),
    ('Projektutveckling för Bostäder', 48, 50, 'bostadsutvecklingsplan.pdf, bostadsprojektering.docx', 89000.00, 'Bostadsutveckling', 'Pågående', '2023-07-30', '2023-07-30'),
    ('Stadsplanering och Infrastruktur', 49, 49, 'stadsplaneringsdokument.pdf, infrastrukturplan.docx', 76000.00, 'Stadsplanering', 'Avslutat', '2023-07-31', '2023-07-31'),
    ('Byggprojektledning och Entreprenad', 50, 52, 'byggprojektledningsplan.pdf, entreprenadsavtal.docx', 93000.00, 'Byggprojektledning', 'Pågående', '2024-02-01', '2024-02-01'),
    ('Fastighetsöversyn och Underhållsplanering', 51, 51, 'fastighetsöversynsrapport.pdf, underhållsplan.docx', 77000.00, 'Fastighetsöversyn', 'Avslutat', '2024-02-02', '2024-02-02'),
    ('Kommersiell Fastighetsutveckling', 52, 54, 'kommersiell-fastighetsutveckling.pdf, affärsplan.docx', 94000.00, 'Kommersiell Fastighetsutveckling', 'Pågående', '2024-02-03', '2024-02-03'),
    ('Byggnadsdesign och Arkitektur', 53, 53, 'byggnadsdesign.pdf, arkitekturplan.docx', 81000.00, 'Byggnadsdesign', 'Avslutat', '2024-02-04', '2024-02-04'),
    ('Fastighetsinvestering och Portföljhantering', 54, 56, 'fastighetsinvestering.pdf, portföljhanteringsplan.docx', 95000.00, 'Fastighetsinvestering', 'Pågående', '2024-02-05', '2024-02-05'),
    ('Renovering av Kommersiella Fastigheter', 55, 55, 'renoveringsplan.pdf, kommersiell-renovering.docx', 79000.00, 'Renovering', 'Avslutat', '2024-02-06', '2024-02-06'),
    ('Framtidens Bostadsbyggande', 56, 58, 'bostadsbyggande.pdf, framtidsplanering.docx', 96000.00, 'Bostadsbyggande', 'Pågående', '2024-02-07', '2024-02-07'),
    ('Strategisk Markanvändning och Förvärv', 57, 57, 'markanvändningsstrategi.pdf, förvärvsplan.docx', 82000.00, 'Markanvändning', 'Avslutat', '2024-02-08', '2024-02-08'),
    ('Ejendomsförvaltning och Drift', 58, 60, 'ejendomsförvaltningsplan.pdf, driftsstrategi.docx', 97000.00, 'Ejendomsförvaltning', 'Pågående', '2024-02-09', '2024-02-09'),
    ('Handelsfastigheter och Lägesanalys', 59, 59, 'handelsfastigheter.pdf, lägesanalys.docx', 83000.00, 'Handelsfastigheter', 'Avslutat', '2024-02-10', '2024-02-10'),
    ('Nybyggnation av Kontorslokaler', 60, 62, 'kontorsbyggande.pdf, nybyggnationsplan.docx', 98000.00, 'Kontorslokaler', 'Pågående', '2024-02-11', '2024-02-11'),
    ('Fastighetsförsäljningsstrategi och Marknadsföring', 60, 62, 'försäljningsstrategi.pdf, marknadsföringsplan.docx', 88000.00, 'Försäljningsstrategi', 'Pågående', '2024-02-12', '2024-02-12'),
    ('Visningsarrangemang och Kundrelationer', 61, 61, 'visningsarrangemang.pdf, kundrelationer.docx', 83000.00, 'Visning och Kundrelation', 'Avslutat', '2024-02-13', '2024-02-13'),
    ('Bostadsvisningar och Köparframförande', 62, 64, 'bostadsvisningar.pdf, köparpresentation.docx', 90000.00, 'Visning och Köparframförande', 'Pågående', '2024-02-14', '2024-02-14'),
    ('Förhandlingsstrategi och Kontraktsutformning', 63, 63, 'förhandlingsstrategi.pdf, kontraktsutformning.docx', 79000.00, 'Förhandling och Kontraktsutformning', 'Avslutat', '2024-02-15', '2024-02-15'),
    ('Investeringar i Fastigheter och Portföljhantering', 64, 66, 'fastighetsinvestering.pdf, portföljhantering.docx', 92000.00, 'Fastighetsinvestering', 'Pågående', '2024-02-16', '2024-02-16'),
    ('Marknadsanalys och Lägesbedömning', 65, 65, 'marknadsanalys.pdf, lägesbedömning.docx', 80000.00, 'Marknadsanalys och Lägesbedömning', 'Avslutat', '2024-02-17', '2024-02-17'),
    ('Fastighetsförvaltning och Driftsekonomi', 66, 68, 'fastighetsförvaltning.pdf, driftsekonomi.docx', 94000.00, 'Fastighetsförvaltning och Driftsekonomi', 'Pågående', '2024-02-18', '2024-02-18'),
    ('Renoveringsstrategi och Värdeökning', 67, 67, 'renoveringsstrategi.pdf, värdeökning.docx', 81000.00, 'Renoveringsstrategi och Värdeökning', 'Avslutat', '2024-02-19', '2024-02-19'),
    ('Kommersiell Fastighetsutveckling och Uthyrning', 68, 70, 'kommerciell-uthyrning.pdf, fastighetsutveckling.docx', 96000.00, 'Kommersiell Fastighetsutveckling', 'Pågående', '2024-02-20', '2024-02-20'),
    ('Byggnadsdesign och Arkitektur för Kontorslokaler', 69, 69, 'byggnadsdesign-kontor.pdf, arkitekturplan.docx', 82000.00, 'Byggnadsdesign och Arkitektur', 'Avslutat', '2024-02-21', '2024-02-21'),
    ('Fastighetsinvestering och Kapitalförvaltning', 70, 72, 'fastighetsinvestering-kapitalförvaltning.pdf, investeringsplan.docx', 98000.00, 'Fastighetsinvestering och Kapitalförvaltning', 'Pågående', '2024-02-22', '2024-02-22'),
    ('Utveckling av Butiksfastigheter och Lägesanalys', 71, 71, 'butiksfastigheter.pdf, lägesanalys.docx', 83000.00, 'Utveckling av Butiksfastigheter', 'Avslutat', '2024-02-23', '2024-02-23'),
    ('Kontorslokalernas Framtid och Planering', 72, 74, 'kontorslokaler-framtid.pdf, planeringsdokument.docx', 99000.00, 'Kontorslokalernas Framtid och Planering', 'Pågående', '2024-02-24', '2024-02-24'),
    ('Strategisk Marknadsföring och Försäljningsanalys', 73, 73, 'strategisk-marknadsföring.pdf, försäljningsanalys.docx', 84000.00, 'Strategisk Marknadsföring och Försäljningsanalys', 'Avslutat', '2024-02-25', '2024-02-25'),
    ('Bostadsutveckling och Byggprojektledning', 74, 76, 'bostadsutveckling-byggprojektledning.pdf, byggprojektering.docx', 100000.00, 'Bostadsutveckling och Byggprojektledning', 'Pågående', '2024-02-26', '2024-02-26'),
    ('Ejendomsförvaltning och Driftsstrategi', 75, 75, 'ejendomsförvaltning.pdf, driftsstrategi.docx', 85000.00, 'Ejendomsförvaltning och Driftsstrategi', 'Avslutat', '2024-02-27', '2024-02-27'),
    ('Hotellfastigheter och Gatuadressanalys', 76, 78, 'hotellfastigheter.pdf, gatuadressanalys.docx', 101000.00, 'Hotellfastigheter', 'Pågående', '2024-02-28', '2024-02-28'),
    ('Marknadsundersökning och Förvärvsstrategi', 77, 77, 'marknadsundersökning.pdf, förvärvsstrategi.docx', 86000.00, 'Marknadsundersökning och Förvärvsstrategi', 'Avslutat', '2024-02-29', '2024-02-29'),
    ('Affärslokaler och Hyresförhandlingar', 78, 80, 'affärslokaler.pdf, hyresförhandlingar.docx', 102000.00, 'Affärslokaler och Hyresförhandlingar', 'Pågående', '2024-02-30', '2024-02-30'),
    ('Residensfastigheter och Lägenhetsplanering', 79, 79, 'residensfastigheter.pdf, lägenhetsplanering.docx', 87000.00, 'Residensfastigheter och Lägenhetsplanering', 'Avslutat', '2024-02-31', '2024-02-31'),
    ('Uthyrning och Förvaltning av Butiksfastigheter', 80, 82, 'butiksfastigheter-uthyrning.pdf, förvaltningsplan.docx', 104000.00, 'Uthyrning och Förvaltning av Butiksfastigheter', 'Pågående', '2023-09-01', '2023-09-01'),
    ('Expansion av Fastighetsportfölj', 80, 82, 'expansion-fastighetsportfölj.pdf, strategiplan.docx', 106000.00, 'Expansion', 'Pågående', '2023-09-02', '2023-09-02'),
    ('Försäljningsstrategi för Bostäder', 81, 81, 'försäljningsstrategi-bostäder.pdf, marknadsföringsplan.docx', 89000.00, 'Försäljningsstrategi', 'Avslutat', '2023-09-03', '2023-09-03'),
    ('Kontorslokaler och Hyresgästförhandlingar', 82, 84, 'kontorslokaler-hyresgästförhandlingar.pdf, hyresavtal.docx', 108000.00, 'Kontorslokaler och Hyresgästförhandlingar', 'Pågående', '2023-09-04', '2023-09-04'),
    ('Förvärv av Kommersiella Fastigheter', 83, 83, 'förvärv-kommersiella-fastigheter.pdf, investeringsanalys.docx', 93000.00, 'Förvärv', 'Avslutat', '2023-09-05', '2023-09-05'),
    ('Renovering av Bostäder och Lägenhetsdesign', 84, 86, 'renovering-bostäder.pdf, lägenhetsdesign.docx', 110000.00, 'Renovering och Lägenhetsdesign', 'Pågående', '2023-09-06', '2023-09-06'),
    ('Handelsfastigheter och Marknadsföringsstrategi', 85, 85, 'handelsfastigheter-marknadsföring.pdf, marknadsstrategi.docx', 95000.00, 'Handelsfastigheter och Marknadsföringsstrategi', 'Avslutat', '2023-09-07', '2023-09-07'),
    ('Driftsekonomi och Förvaltning av Hotellfastigheter', 86, 88, 'driftsekonomi-hotellfastigheter.pdf, förvaltningsplan.docx', 112000.00, 'Driftsekonomi och Förvaltning', 'Pågående', '2023-09-08', '2023-09-08'),
    ('Ejendomsförvaltning och Uthyrningsstrategi', 87, 87, 'ejendomsförvaltning-uthyrningsstrategi.pdf, strategidokument.docx', 97000.00, 'Ejendomsförvaltning och Uthyrningsstrategi', 'Avslutat', '2023-09-09', '2023-09-09'),
    ('Nybyggnation av Lägenheter och Byggprojektering', 88, 90, 'nybyggnation-lägenheter.pdf, byggprojekteringsplan.docx', 114000.00, 'Nybyggnation och Byggprojektering', 'Pågående', '2023-09-10', '2023-09-10'),
    ('Försäljning av Residensfastigheter och Marknadsanalys', 89, 89, 'försäljning-residensfastigheter.pdf, marknadsanalys.docx', 99000.00, 'Försäljning och Marknadsanalys', 'Avslutat', '2023-09-11', '2023-09-11'),
    ('Kontorslokaler och Arbetsmiljöanalys', 90, 92, 'kontorslokaler-arbetsmiljöanalys.pdf, arbetsmiljöplan.docx', 116000.00, 'Kontorslokaler och Arbetsmiljöanalys', 'Pågående', '2023-09-12', '2023-09-12'),
    ('Strategisk Marknadsföring och Uthyrning av Butikslokaler', 91, 91, 'strategisk-marknadsföring-uthyrning.pdf, butikslokal-uthyrningsplan.docx', 101000.00, 'Strategisk Marknadsföring och Uthyrning', 'Avslutat', '2023-09-13', '2023-09-13'),
    ('Bostadsutveckling och Framtidsplanering', 92, 94, 'bostadsutveckling-framtidsplanering.pdf, framtidsplan.docx', 118000.00, 'Bostadsutveckling och Framtidsplanering', 'Pågående', '2023-09-14', '2023-09-14'),
    ('Ejendomsförvaltning och Underhållsstrategi', 93, 93, 'ejendomsförvaltning-underhållsstrategi.pdf, underhållsplan.docx', 103000.00, 'Ejendomsförvaltning och Underhållsstrategi', 'Avslutat', '2023-09-15', '2023-09-15'),
    ('Hotellfastigheter och Gästupplevelser', 94, 96, 'hotellfastigheter-gästupplevelser.pdf, gästupplevelsestrategi.docx', 120000.00, 'Hotellfastigheter och Gästupplevelser', 'Pågående', '2023-09-16', '2023-09-16'),
    ('Marknadsundersökning och Expansionstrategi', 95, 95, 'marknadsundersökning-expansionstrategi.pdf, strategiplan.docx', 105000.00, 'Marknadsundersökning och Expansionstrategi', 'Avslutat', '2023-09-17', '2023-09-17'),
    ('Affärslokaler och Lägesbedömning', 96, 98, 'affärslokaler-lägesbedömning.pdf, lägesanalys.docx', 122000.00, 'Affärslokaler och Lägesbedömning', 'Pågående', '2023-09-18', '2023-09-18'),
    ('Försäljningsstrategi för Bostadsfastigheter', 97, 97, 'försäljningsstrategi-bostadsfastigheter.pdf, marknadsföringsstrategi.docx', 107000.00, 'Försäljningsstrategi för Bostadsfastigheter', 'Avslutat', '2023-09-19', '2023-09-19'),
    ('Uthyrning av Butikslokaler och Driftsplanering', 98, 100, 'uthyrning-butikslokaler.pdf, driftsplan.docx', 124000.00, 'Uthyrning och Driftsplanering', 'Pågående', '2023-09-20', '2023-09-20'),
    ('Byggnation av Residens och Arkitekturdesign', 99, 99, 'byggnation-residens.pdf, arkitekturdesign.docx', 109000.00, 'Byggnation och Arkitekturdesign', 'Avslutat', '2023-09-21', '2023-09-21'),
    ('Kommersiell Fastighetsutveckling och Hyresförhandlingar', 100, 102, 'kommersiell-fastighetsutveckling.pdf, hyresförhandlingar.docx', 126000.00, 'Kommersiell Fastighetsutveckling och Hyresförhandlingar', 'Pågående', '2023-09-22', '2023-09-22');

-- Seed the interactions table
INSERT INTO interactions (interaction_id, interaction_date, interaction_type, notes)
VALUES
    ('17b56a4a-7c4e-4a16-8562-931d2fb901a1', '2024-04-01', 'E-post', 'Delade senaste projektuppdateringar.'),
    ('841cf4a4-b11e-4e37-b124-de277da2df93', '2024-04-02', 'Telefonsamtal', 'Diskuserade nästa steg.'),
    ('543921ff-a9ac-4e6c-805d-d858b4b90889', '2024-04-03', 'Möte', 'Slutlig granskningssession.'),
    ('6bd6fb07-afb0-4413-b757-c499d2753d7c', '2024-04-04', 'E-post', 'Skickade slutdokument.'),
    ('45c5efa8-9a8a-4a13-b489-55059a14dc0e', '2024-04-05', 'Telefonsamtal', 'Kundavskrivningsdiskussion.'),
    ('9ee5eb7e-2d5e-433b-b9bd-2321f7cd2863', '2024-04-06', 'Möte', 'Utvärdering efter projekt.'),
    ('67d13c13-56eb-4e2a-85ed-6b81c0a138f1', '2024-04-07', 'E-post', 'Uppföljning vid utvärdering.'),
    ('3a06cdfb-229b-439e-8e84-2fe1c1c20a00', '2024-04-08', 'Telefonsamtal', 'Diskusserade lärdomar.'),
    ('d4a7a14b-dd8f-4008-8d7a-e3c3832fec1e', '2024-04-09', 'Möte', 'Planerar nästa projekt.'),
    ('1d52866a-b6ee-4884-a4f9-811cc36573b3', '2024-04-10', 'E-post', 'Delat nytt projektförslag.'),
    ('5aba874e-6518-4bb1-9fb6-b652fed18ca8', '2024-04-11', 'Telefonsamtal', 'Diskuterade förslagsdetaljer.'),
    ('84e03d5a-7738-415f-8357-2dd9540c9ff5', '2024-04-12', 'Möte', 'Initial projektplanering.'),
    ('32deb1d7-5b4e-44ce-aaa1-6a8b402ea189', '2024-04-13', 'E-post', 'Skickat material för projektstart.'),
    ('575be82f-3aba-4527-8b24-71e91bfaaea0', '2024-04-14', 'Telefonsamtal', 'Bekräftad projektstart.'),
    ('27b9a070-1725-47c0-b804-3ac4a8560a08', '2024-04-15', 'Möte', 'Team kickoff möte.'),
    ('9a46b157-e2c5-4da3-8dc3-83dc803ad212', '2024-04-16', 'E-post', 'Delade teamroller och ansvarsområden.'),
    ('43cc1cc8-d1b6-4825-bf39-d33d1258f09d', '2024-04-17', 'Telefonsamtal', 'Förtydliga teamfrågor.'),
    ('713b7537-1e76-4cf3-9b11-596aec271471', '2024-04-18', 'Möte', 'Projektanpassningssession.'),
    ('c8158570-38de-4717-a620-e642883eed2d', '2024-04-19', 'E-post', 'Uppföljning av anpassningsmöte.'),
    ('788ec0d1-9cfc-4c75-9d32-57e2fa0b3672', '2024-04-20', 'Telefonsamtal', 'Diskuterade projektrisker.'),
    ('2189857c-6195-4a61-a595-cfd4f2a4cfdb', '2024-04-21', 'Möte', 'Riskreducerande planering.'),
    ('384b7a3f-e920-4eac-abc8-278714215c78', '2024-04-22', 'E-post', 'Skickade uppdaterad riskplan.'),
    ('45a6a99b-aa85-432e-b4c3-aae9f6c9b545', '2024-04-23', 'Telefonsamtal', 'Reviderad riskplan.'),
    ('2669bbf6-957b-4dfc-b681-53181f35372a', '2024-04-24', 'Möte', 'Projektets milstolpegranskning.'),
    ('ef19545f-e13f-45be-b33c-4f8a2a143f6f', '2024-04-25', 'E-post', 'Delade milstolpeuppdateringar.'),
    ('d80df441-967d-4c48-813c-b917d033d16f', '2024-04-26', 'Telefonsamtal', 'Diskuterade milstolpsförlopp.'),
    ('4639892a-838e-4f9a-bdb1-682d72fdad15', '2024-04-27', 'Möte', 'Reviewed projektmål.'),
    ('d68af090-b3c0-4ec1-92df-d7b8e2faaa79', '2024-04-28', 'E-post', 'Skickade uppdaterade projektmål.'),
    ('3dae78d4-353a-4b67-8574-259fa664191c', '2024-05-08', 'Telefonsamtal', 'Slutlig avslutningsdiskussion.'),
    ('d5e86fe6-9cfe-429c-ab8c-596815cf9d1a', '2024-05-09', 'Möte', 'Brainstorming för nytt projekt.'),
    ('b46ccefe-27a8-437d-b7bb-fbd4eb468cff', '2024-05-10', 'E-post', 'Skickat projektöversikt.'),
    ('b2447f1e-f859-4a25-8b5d-8a7543f2eff2', '2024-05-11', 'Telefonsamtal', 'Diskuterade projektleveranser.'),
    ('599253d6-39a1-4fcd-a1ee-d19d7ab014f0', '2024-05-12', 'Möte', 'Team kickoff meeting.'),
    ('ba4ae6f1-8adc-4fd1-84d6-9424408b9acf', '2024-05-13', 'E-post', 'Uppföljning av teamuppgifter.'),
    ('6b9bec7c-79d4-4ca5-87b8-d6c8b425b24c', '2024-05-14', 'Telefonsamtal', 'Förtydligade kundkrav.'),
    ('4ec2198e-2ead-424d-b2f8-7b4e48fa9a11', '2024-05-15', 'Möte', 'Projektplaneringssession.'),
    ('e4f2e38d-7031-485a-95ac-2566bf6bf82a', '2024-05-16', 'E-post', 'Delat projektschema.'),
    ('f927238d-eb44-47ac-b29f-f8ec51c37a80', '2024-05-17', 'Telefonsamtal', 'Uppdaterad om projektstatus.'),
    ('d079bb94-4dae-4082-8a1c-2b5503213fc4', '2024-05-18', 'Möte', 'Granska mitt i projektet.'),
    ('3c546a87-8839-4130-9f58-c1fcc290a1fa', '2024-05-19', 'E-post', 'Uppföljning av recensionsfeedback.'),
    ('264a548d-868f-4157-b142-496a21d10b15', '2024-05-20', 'Telefonsamtal', 'Diskuterade tekniska utmaningar.'),
    ('d479bbe4-41f3-4c8d-b2db-abe3586753d0', '2024-05-21', 'Möte', 'Riskbedömningsmöte.'),
    ('04b7807b-b173-4841-bc26-7308b14bb1a0', '2024-05-22', 'E-post', 'Skickade riskreduceringsplan.'),
    ('4870ef67-af89-4fb6-8e0b-88d5d1880db4', '2024-05-23', 'Telefonsamtal', 'Uppdaterad riskstatus.'),
    ('c7becd93-7b9b-4f29-ad5a-6ad2264aa0af', '2024-05-24', 'Möte', 'Projektkontrollpunktsmöte.'),
    ('781e2daf-437e-49c7-9fff-5d2b21e73628', '2024-05-25', 'E-post', 'Uppföljning av kontrollpunktsåtgärder.'),
    ('dee3a6f9-476b-4eb7-ab46-543cc46c2cc2', '2024-05-26', 'Telefonsamtal', 'Kundfeedback session.'),
    ('4d62974c-8e37-43e6-90a1-85c3239d0b5a', '2024-05-27', 'Möte', 'Granskad feedback.'),
    ('58a67cd0-dbdb-48bc-8e43-b2316a99c066', '2024-05-28', 'E-post', 'Skickade reviderad projektplan.'),
    ('49f5ab7a-98bd-4cda-bd1a-44d48bb31bfc', '2024-05-29', 'Telefonsamtal', 'Diskuterade ändringar.'),
    ('ecff2be2-08ce-448f-b918-4b35694d1138', '2024-05-30', 'Möte', 'Projektuppdateringsmöte.'),
    ('58055832-4d14-4e1f-8621-b6bfd72a1235', '2024-06-01', 'Möte', 'Diskuterade projektets omfattning och krav.'),
    ('90218035-fac7-4dd8-addb-d05ca26be1f8', '2024-06-02', 'E-post', 'Uppföljning av projektförslag.'),
    ('3c8ac56a-1899-4abd-bbe7-d0934a9c3751', '2024-06-03', 'Telefonsamtal', 'Förtydligade tekniska detaljer.'),
    ('63445424-9bdd-45f9-8bc6-b9d57fa2404e', '2024-06-04', 'Möte', 'Granskad projekttidslinje.'),
    ('651cee9d-ecd6-4e4d-a288-2e53014f259a', '2024-06-05', 'E-post', 'Skickat projektdokumentation.'),
    ('784ee5d9-6916-486e-a856-07893f00579f', '2024-06-06', 'Telefonsamtal', 'Diskuterade budget och utgifter.'),
    ('5f168389-6458-4899-9002-b390d2b724d0', '2024-06-07', 'Möte', 'Projektstartmöte.'),
    ('e72ce4f4-3569-43ef-bc2c-86eb8ed72a9d', '2024-06-08', 'E-post', 'Delade projektuppdateringar.'),
    ('f06943f3-e45d-4055-bcb7-6e17e5f8e240', '2024-06-09', 'Telefonsamtal', 'Att åtgärdat kundproblem.'),
    ('3fde839e-cede-49ca-853d-2fa363733713', '2024-06-10', 'Möte', 'Reviewed projektmilstolpar.'),
    ('cb0ce982-be01-4034-8d32-12b802798d49', '2024-06-11', 'E-post', 'Uppföljning av åtgärder.'),
    ('1d8ffd2f-8e42-455f-b56d-a7e5440af18f', '2024-06-12', 'Telefonsamtal', 'Teknisk diskussion.'),
    ('8786829a-612c-4435-8719-a6850442da81', '2024-06-13', 'Möte', 'Projektförloppsgranskning.'),
    ('31fe174c-7dde-44f4-9466-800d23452337', '2024-06-14', 'E-post', 'Skickade uppdaterad projektplan.'),
    ('e1a36f99-5b90-4b09-9920-1e2202ec95f8', '2024-06-15', 'Telefonsamtal', 'Budgetgodkännande diskussion.'),
    ('687fb8f8-f3e1-46a7-a199-d7d3c2f57b1b', '2024-06-16', 'Möte', 'Kundfeedback session.'),
    ('9e68c601-a77a-46a8-bb31-1cd1e1e987df', '2024-06-17', 'E-post', 'Uppföljning av kundfeedback.'),
    ('d1a27287-eb71-4157-b90d-866de4130a5c', '2024-06-18', 'Telefonsamtal', 'Lösa tekniska problem.'),
    ('1eaf1e0f-f1af-4b9e-bba7-6dc06bfe71c0', '2024-06-19', 'Möte', 'Slutlig projektgenomgång.'),
    ('95974cd8-77a6-4601-af97-d3d1da39c524', '2024-06-20', 'E-post', 'Skickat slutlig projektrapport.');

-- -- Seed the interaction_contacts table
INSERT INTO interaction_contacts (interaction_id, contact_id)
VALUES
    ('17b56a4a-7c4e-4a16-8562-931d2fb901a1', 1),
    ('17b56a4a-7c4e-4a16-8562-931d2fb901a1', 2),
    ('841cf4a4-b11e-4e37-b124-de277da2df93', 3),
    ('841cf4a4-b11e-4e37-b124-de277da2df93', 4),
    ('543921ff-a9ac-4e6c-805d-d858b4b90889', 5),
    ('543921ff-a9ac-4e6c-805d-d858b4b90889', 6),
    ('6bd6fb07-afb0-4413-b757-c499d2753d7c', 7),
    ('6bd6fb07-afb0-4413-b757-c499d2753d7c', 8),
    ('45c5efa8-9a8a-4a13-b489-55059a14dc0e', 9),
    ('45c5efa8-9a8a-4a13-b489-55059a14dc0e', 10),
    ('9ee5eb7e-2d5e-433b-b9bd-2321f7cd2863', 11),
    ('9ee5eb7e-2d5e-433b-b9bd-2321f7cd2863', 12),
    ('67d13c13-56eb-4e2a-85ed-6b81c0a138f1', 13),
    ('67d13c13-56eb-4e2a-85ed-6b81c0a138f1', 14),
    ('3a06cdfb-229b-439e-8e84-2fe1c1c20a00', 15),
    ('3a06cdfb-229b-439e-8e84-2fe1c1c20a00', 16),
    ('d4a7a14b-dd8f-4008-8d7a-e3c3832fec1e', 17),
    ('d4a7a14b-dd8f-4008-8d7a-e3c3832fec1e', 18),
    ('1d52866a-b6ee-4884-a4f9-811cc36573b3', 19),
    ('1d52866a-b6ee-4884-a4f9-811cc36573b3', 20),
    ('5aba874e-6518-4bb1-9fb6-b652fed18ca8', 21),
    ('5aba874e-6518-4bb1-9fb6-b652fed18ca8', 22),
    ('84e03d5a-7738-415f-8357-2dd9540c9ff5', 23),
    ('84e03d5a-7738-415f-8357-2dd9540c9ff5', 24),
    ('32deb1d7-5b4e-44ce-aaa1-6a8b402ea189', 25),
    ('32deb1d7-5b4e-44ce-aaa1-6a8b402ea189', 26),
    ('575be82f-3aba-4527-8b24-71e91bfaaea0', 27),
    ('575be82f-3aba-4527-8b24-71e91bfaaea0', 28),
    ('27b9a070-1725-47c0-b804-3ac4a8560a08', 29),
    ('27b9a070-1725-47c0-b804-3ac4a8560a08', 30),
    ('9a46b157-e2c5-4da3-8dc3-83dc803ad212', 31),
    ('9a46b157-e2c5-4da3-8dc3-83dc803ad212', 32),
    ('43cc1cc8-d1b6-4825-bf39-d33d1258f09d', 33),
    ('43cc1cc8-d1b6-4825-bf39-d33d1258f09d', 34),
    ('713b7537-1e76-4cf3-9b11-596aec271471', 35),
    ('713b7537-1e76-4cf3-9b11-596aec271471', 36),
    ('c8158570-38de-4717-a620-e642883eed2d', 37),
    ('c8158570-38de-4717-a620-e642883eed2d', 38),
    ('788ec0d1-9cfc-4c75-9d32-57e2fa0b3672', 39),
    ('788ec0d1-9cfc-4c75-9d32-57e2fa0b3672', 40),
    ('2189857c-6195-4a61-a595-cfd4f2a4cfdb', 41),
    ('2189857c-6195-4a61-a595-cfd4f2a4cfdb', 42),
    ('384b7a3f-e920-4eac-abc8-278714215c78', 43),
    ('384b7a3f-e920-4eac-abc8-278714215c78', 44),
    ('45a6a99b-aa85-432e-b4c3-aae9f6c9b545', 45),
    ('45a6a99b-aa85-432e-b4c3-aae9f6c9b545', 46),
    ('2669bbf6-957b-4dfc-b681-53181f35372a', 47),
    ('2669bbf6-957b-4dfc-b681-53181f35372a', 48),
    ('ef19545f-e13f-45be-b33c-4f8a2a143f6f', 49),
    ('ef19545f-e13f-45be-b33c-4f8a2a143f6f', 50),
    ('d80df441-967d-4c48-813c-b917d033d16f', 51),
    ('d80df441-967d-4c48-813c-b917d033d16f', 52),
    ('4639892a-838e-4f9a-bdb1-682d72fdad15', 53),
    ('4639892a-838e-4f9a-bdb1-682d72fdad15', 54),
    ('d68af090-b3c0-4ec1-92df-d7b8e2faaa79', 55),
    ('d68af090-b3c0-4ec1-92df-d7b8e2faaa79', 56),
    ('3dae78d4-353a-4b67-8574-259fa664191c', 57),
    ('3dae78d4-353a-4b67-8574-259fa664191c', 58),
    ('d5e86fe6-9cfe-429c-ab8c-596815cf9d1a', 59),
    ('d5e86fe6-9cfe-429c-ab8c-596815cf9d1a', 60),
    ('b46ccefe-27a8-437d-b7bb-fbd4eb468cff', 61),
    ('b46ccefe-27a8-437d-b7bb-fbd4eb468cff', 62),
    ('b2447f1e-f859-4a25-8b5d-8a7543f2eff2', 63),
    ('b2447f1e-f859-4a25-8b5d-8a7543f2eff2', 64),
    ('599253d6-39a1-4fcd-a1ee-d19d7ab014f0', 65),
    ('599253d6-39a1-4fcd-a1ee-d19d7ab014f0', 66),
    ('ba4ae6f1-8adc-4fd1-84d6-9424408b9acf', 67),
    ('ba4ae6f1-8adc-4fd1-84d6-9424408b9acf', 68),
    ('6b9bec7c-79d4-4ca5-87b8-d6c8b425b24c', 69),
    ('6b9bec7c-79d4-4ca5-87b8-d6c8b425b24c', 70),
    ('4ec2198e-2ead-424d-b2f8-7b4e48fa9a11', 71),
    ('4ec2198e-2ead-424d-b2f8-7b4e48fa9a11', 72),
    ('e4f2e38d-7031-485a-95ac-2566bf6bf82a', 73),
    ('e4f2e38d-7031-485a-95ac-2566bf6bf82a', 74),
    ('f927238d-eb44-47ac-b29f-f8ec51c37a80', 75),
    ('f927238d-eb44-47ac-b29f-f8ec51c37a80', 76),
    ('d079bb94-4dae-4082-8a1c-2b5503213fc4', 77),
    ('d079bb94-4dae-4082-8a1c-2b5503213fc4', 78),
    ('3c546a87-8839-4130-9f58-c1fcc290a1fa', 79),
    ('3c546a87-8839-4130-9f58-c1fcc290a1fa', 80),
    ('264a548d-868f-4157-b142-496a21d10b15', 81),
    ('264a548d-868f-4157-b142-496a21d10b15', 82),
    ('d479bbe4-41f3-4c8d-b2db-abe3586753d0', 83),
    ('d479bbe4-41f3-4c8d-b2db-abe3586753d0', 84),
    ('04b7807b-b173-4841-bc26-7308b14bb1a0', 85),
    ('04b7807b-b173-4841-bc26-7308b14bb1a0', 86),
    ('4870ef67-af89-4fb6-8e0b-88d5d1880db4', 87),
    ('4870ef67-af89-4fb6-8e0b-88d5d1880db4', 88),
    ('c7becd93-7b9b-4f29-ad5a-6ad2264aa0af', 89),
    ('c7becd93-7b9b-4f29-ad5a-6ad2264aa0af', 90),
    ('781e2daf-437e-49c7-9fff-5d2b21e73628', 91),
    ('781e2daf-437e-49c7-9fff-5d2b21e73628', 92),
    ('dee3a6f9-476b-4eb7-ab46-543cc46c2cc2', 93),
    ('dee3a6f9-476b-4eb7-ab46-543cc46c2cc2', 94),
    ('4d62974c-8e37-43e6-90a1-85c3239d0b5a', 95),
    ('4d62974c-8e37-43e6-90a1-85c3239d0b5a', 96),
    ('58a67cd0-dbdb-48bc-8e43-b2316a99c066', 97),
    ('58a67cd0-dbdb-48bc-8e43-b2316a99c066', 98),
    ('49f5ab7a-98bd-4cda-bd1a-44d48bb31bfc', 99),
    ('49f5ab7a-98bd-4cda-bd1a-44d48bb31bfc', 100),
    ('ecff2be2-08ce-448f-b918-4b35694d1138', 101),
    ('ecff2be2-08ce-448f-b918-4b35694d1138', 102),
    ('58055832-4d14-4e1f-8621-b6bfd72a1235', 103),
    ('58055832-4d14-4e1f-8621-b6bfd72a1235', 104),
    ('90218035-fac7-4dd8-addb-d05ca26be1f8', 105),
    ('90218035-fac7-4dd8-addb-d05ca26be1f8', 106),
    ('3c8ac56a-1899-4abd-bbe7-d0934a9c3751', 107),
    ('3c8ac56a-1899-4abd-bbe7-d0934a9c3751', 108),
    ('63445424-9bdd-45f9-8bc6-b9d57fa2404e', 109),
    ('63445424-9bdd-45f9-8bc6-b9d57fa2404e', 110),
    ('651cee9d-ecd6-4e4d-a288-2e53014f259a', 11),
    ('651cee9d-ecd6-4e4d-a288-2e53014f259a', 12),
    ('784ee5d9-6916-486e-a856-07893f00579f', 13),
    ('784ee5d9-6916-486e-a856-07893f00579f', 14),
    ('5f168389-6458-4899-9002-b390d2b724d0', 15),
    ('5f168389-6458-4899-9002-b390d2b724d0', 16),
    ('e72ce4f4-3569-43ef-bc2c-86eb8ed72a9d', 17),
    ('e72ce4f4-3569-43ef-bc2c-86eb8ed72a9d', 18),
    ('f06943f3-e45d-4055-bcb7-6e17e5f8e240', 19),
    ('f06943f3-e45d-4055-bcb7-6e17e5f8e240', 20),
    ('3fde839e-cede-49ca-853d-2fa363733713', 21),
    ('3fde839e-cede-49ca-853d-2fa363733713', 22),
    ('cb0ce982-be01-4034-8d32-12b802798d49', 23),
    ('cb0ce982-be01-4034-8d32-12b802798d49', 24),
    ('1d8ffd2f-8e42-455f-b56d-a7e5440af18f', 25),
    ('1d8ffd2f-8e42-455f-b56d-a7e5440af18f', 26),
    ('8786829a-612c-4435-8719-a6850442da81', 27),
    ('8786829a-612c-4435-8719-a6850442da81', 28),
    ('31fe174c-7dde-44f4-9466-800d23452337', 29),
    ('31fe174c-7dde-44f4-9466-800d23452337', 30),
    ('e1a36f99-5b90-4b09-9920-1e2202ec95f8', 31),
    ('e1a36f99-5b90-4b09-9920-1e2202ec95f8', 32),
    ('687fb8f8-f3e1-46a7-a199-d7d3c2f57b1b', 33),
    ('687fb8f8-f3e1-46a7-a199-d7d3c2f57b1b', 34),
    ('9e68c601-a77a-46a8-bb31-1cd1e1e987df', 35),
    ('9e68c601-a77a-46a8-bb31-1cd1e1e987df', 36),
    ('d1a27287-eb71-4157-b90d-866de4130a5c', 37),
    ('d1a27287-eb71-4157-b90d-866de4130a5c', 38),
    ('1eaf1e0f-f1af-4b9e-bba7-6dc06bfe71c0', 39),
    ('1eaf1e0f-f1af-4b9e-bba7-6dc06bfe71c0', 40),
    ('95974cd8-77a6-4601-af97-d3d1da39c524', 41),
    ('95974cd8-77a6-4601-af97-d3d1da39c524', 42);
