-- Seed data for companies table
INSERT INTO companies (company_name, address, industry, phone, email, website, organization_number, created_at, updated_at)
VALUES
    ('Sebra', 'Sveavägen 123, Stockholm', 'Teknologi', '08-123 456 78', 'info@sebra.se', 'http://www.sebra.se', '20240528-1234', '2024-05-28', '2024-05-28'),
    ('Finanshuset AB', 'Vasagatan 12, Göteborg', 'Finans', '031-987 654', 'info@finanshuset.com', 'http://www.finanshuset.com', '20240527-1234', '2024-05-27', '2024-05-27'),
    ('IndustriX AB', 'Kungsgatan 45, Malmö', 'Tillverkning', '040-555 555', 'info@industrx.com', 'http://www.industrx.com', '20240526-1234', '2024-05-26', '2024-05-26'),
    ('Handelshuset AB', 'Storgatan 1, Uppsala', 'Handel', '018-123 456', 'info@handelshuset.com', 'http://www.handelshuset.com', '20240601-1234', '2024-06-01', '2024-06-01'),
    ('IT-Specialisterna AB', 'Drottninggatan 5, Lund', 'IT', '046-789 123', 'info@itspecialisterna.com', 'http://www.itspecialisterna.com', '20240602-1234', '2024-06-02', '2024-06-02'),
    ('LogistikPro AB', 'Stora Torget 8, Linköping', 'Logistik', '013-987 654', 'info@logistikpro.com', 'http://www.logistikpro.com', '20240603-1234', '2024-06-03', '2024-06-03'),
    ('Hälsovård AB', 'Drottninggatan 10, Västerås', 'Hälsovård', '021-123 456', 'info@halsovard.com', 'http://www.halsovard.com', '20240604-1234', '2024-06-04', '2024-06-04'),
    ('MiljöTech AB', 'Lilla Torget 7, Örebro', 'Miljöteknik', '019-555 678', 'info@miljotech.com', 'http://www.miljotech.com', '20240605-1234', '2024-06-05', '2024-06-05'),
    ('ByggVision AB', 'Gustav Adolfs Torg 4, Helsingborg', 'Bygg', '042-789 123', 'info@byggvision.com', 'http://www.byggvision.com', '20240606-1234', '2024-06-06', '2024-06-06'),
    ('FastighetsPro AB', 'Stortorget 6, Jönköping', 'Fastigheter', '036-987 654', 'info@fastighetspro.com', 'http://www.fastighetspro.com', '20240607-1234', '2024-06-07', '2024-06-07'),
    ('KonsultKraft AB', 'Västra Hamngatan 5, Karlstad', 'Konsult', '054-123 456', 'info@konsultkraft.com', 'http://www.konsultkraft.com', '20240608-1234', '2024-06-08', '2024-06-08'),
    ('MediaMakers AB', 'Östra Storgatan 3, Sundsvall', 'Media', '060-555 678', 'info@mediamakers.com', 'http://www.mediamakers.com', '20240609-1234', '2024-06-09', '2024-06-09'),
    ('Forskning & Utveckling AB', 'Centralvägen 12, Luleå', 'Forskning', '0920-789 123', 'info@fou.com', 'http://www.fou.com', '20240610-1234', '2024-06-10', '2024-06-10'),
    ('TransportTeam AB', 'Storgatan 18, Umeå', 'Transport', '090-987 654', 'info@transportteam.com', 'http://www.transportteam.com', '20240611-1234', '2024-06-11', '2024-06-11'),
    ('FinansExperterna AB', 'Bergsgatan 21, Borås', 'Finans', '033-123 456', 'info@finansexperterna.com', 'http://www.finansexperterna.com', '20240612-1234', '2024-06-12', '2024-06-12'),
    ('Hälsoteamet AB', 'Kungsgatan 30, Halmstad', 'Hälsovård', '035-555 678', 'info@halsoteamet.com', 'http://www.halsoteamet.com', '20240613-1234', '2024-06-13', '2024-06-13'),
    ('UtbildningNu AB', 'Nygatan 2, Karlskrona', 'Utbildning', '0455-789 123', 'info@utbildningnu.com', 'http://www.utbildningnu.com', '20240614-1234', '2024-06-14', '2024-06-14'),
    ('RestaurangPro AB', 'Strandgatan 9, Visby', 'Restaurang', '0498-987 654', 'info@restaurangpro.com', 'http://www.restaurangpro.com', '20240615-1234', '2024-06-15', '2024-06-15'),
    ('TeknikInnovation AB', 'Industrigatan 8, Eskilstuna', 'Teknologi', '016-123 456', 'info@teknikinnovation.com', 'http://www.teknikinnovation.com', '20240616-1234', '2024-06-16', '2024-06-16'),
    ('Energispecialisterna AB', 'Energigatan 5, Växjö', 'Energi', '0470-555 678', 'info@energispecialisterna.com', 'http://www.energispecialisterna.com', '20240617-1234', '2024-06-17', '2024-06-17'),
    ('HandelsGruppen AB', 'Handelsvägen 4, Kalmar', 'Handel', '0480-789 123', 'info@handelsgruppen.com', 'http://www.handelsgruppen.com', '20240618-1234', '2024-06-18', '2024-06-18'),
    ('KreativMedia AB', 'Kreativvägen 7, Gävle', 'Media', '026-987 654', 'info@kreativmedia.com', 'http://www.kreativmedia.com', '20240619-1234', '2024-06-19', '2024-06-19'),
    ('EventPro AB', 'Eventgatan 2, Lidingö', 'Event', '08-555 678 90', 'info@eventpro.com', 'http://www.eventpro.com', '20240620-1234', '2024-06-20', '2024-06-20'),
    ('SäkerhetsExperterna AB', 'Säkerhetsvägen 9, Norrköping', 'Säkerhet', '011-123 456', 'info@sakerhetsexperterna.com', 'http://www.sakerhetsexperterna.com', '20240621-1234', '2024-06-21', '2024-06-21'),
    ('Digitala Lösningar AB', 'Digitalvägen 6, Södertälje', 'Digital', '08-987 654 32', 'info@digitalalosningar.com', 'http://www.digitalalosningar.com', '20240622-1234', '2024-06-22', '2024-06-22'),
    ('JuridikPro AB', 'Lagvägen 8, Uppsala', 'Juridik', '018-789 123', 'info@juridikpro.com', 'http://www.juridikpro.com', '20240623-1234', '2024-06-23', '2024-06-23'),
    ('UtvecklingNu AB', 'Framtidsgatan 1, Örebro', 'Utveckling', '019-123 456', 'info@utvecklingnu.com', 'http://www.utvecklingnu.com', '20240624-1234', '2024-06-24', '2024-06-24'),
    ('KulturKraft AB', 'Kulturgatan 5, Stockholm', 'Kultur', '08-555 678 91', 'info@kulturkraft.com', 'http://www.kulturkraft.com', '20240625-1234', '2024-06-25', '2024-06-25'),
    ('IT-Pionjärerna AB', 'Innovationvägen 4, Göteborg', 'IT', '031-987 655', 'info@itpionjarerna.com', 'http://www.itpionjarerna.com', '20240626-1234', '2024-06-26', '2024-06-26'),
    ('LogistikCentralen AB', 'Logistikvägen 3, Malmö', 'Logistik', '040-555 556', 'info@logistikcentralen.com', 'http://www.logistikcentralen.com', '20230627-1234', '2023-06-27', '2023-06-27'),
    ('Hälsospecialisterna AB', 'Hälsogatan 7, Umeå', 'Hälsovård', '090-987 655', 'info@halsospecialisterna.com', 'http://www.halsospecialisterna.com', '20230628-1234', '2023-06-28', '2023-06-28'),
    ('MiljöVision AB', 'Miljövägen 2, Västerås', 'Miljöteknik', '021-123 457', 'info@miljovision.com', 'http://www.miljovision.com', '20230629-1234', '2023-06-29', '2023-06-29'),
    ('ByggSpecialisterna AB', 'Byggvägen 8, Luleå', 'Bygg', '0920-789 124', 'info@byggspecialisterna.com', 'http://www.byggspecialisterna.com', '20230630-1234', '2023-06-30', '2023-06-30'),
    ('DesignVision AB', 'Arkitektvägen 3, Östersund', 'Design', '063-123 456', 'info@designvision.com', 'http://www.designvision.com', '20240626-1234', '2024-06-26', '2024-06-26'),
    ('TeknoTech AB', 'Teknikvägen 10, Växjö', 'Teknologi', '0470-987 654', 'info@teknotech.com', 'http://www.teknotech.com', '20230627-1234', '2023-06-27', '2023-06-27'),
    ('GrönEnergi AB', 'Energigatan 7, Gävle', 'Energi', '026-555 678', 'info@gronenergi.com', 'http://www.gronenergi.com', '20230628-1234', '2023-06-28', '2023-06-28'),
    ('HandelsPartners AB', 'Handelsgatan 2, Sundsvall', 'Handel', '060-789 123', 'info@handelspartners.com', 'http://www.handelspartners.com', '20230629-1234', '2023-06-29', '2023-06-29'),
    ('MediaGiganten AB', 'Mediavägen 5, Eskilstuna', 'Media', '016-987 654', 'info@mediagiganten.com', 'http://www.mediagiganten.com', '20230630-1234', '2023-06-30', '2023-06-30'),
    ('KonsultFokus AB', 'Konsultvägen 8, Uppsala', 'Konsult', '018-123 457', 'info@konsultfokus.com', 'http://www.konsultfokus.com', '20230701-1234', '2023-07-01', '2023-07-01'),
    ('RestaurangLyx AB', 'Lyxgatan 1, Malmö', 'Restaurang', '040-555 679', 'info@restauranglyx.com', 'http://www.restauranglyx.com', '20230702-1234', '2023-07-02', '2023-07-02'),
    ('HälsaFörAlla AB', 'Hälsogatan 4, Göteborg', 'Hälsovård', '031-987 655', 'info@halsaforalla.com', 'http://www.halsaforalla.com', '20230703-1234', '2023-07-03', '2023-07-03'),
    ('ByggStyrka AB', 'Byggarevägen 6, Örebro', 'Bygg', '019-555 679', 'info@byggstyrka.com', 'http://www.byggstyrka.com', '20230704-1234', '2023-07-04', '2023-07-04'),
    ('TransportEffekt AB', 'Transportvägen 9, Norrköping', 'Transport', '011-123 457', 'info@transporteffekt.com', 'http://www.transporteffekt.com', '20230705-1234', '2023-07-05', '2023-07-05'),
    ('JuridikExpert AB', 'Juristgatan 3, Stockholm', 'Juridik', '08-789 123 45', 'info@juridikexpert.com', 'http://www.juridikexpert.com', '20230706-1234', '2023-07-06', '2023-07-06'),
    ('UtbildningsCenter AB', 'Skolvägen 2, Umeå', 'Utbildning', '090-987 655', 'info@utbildningscenter.com', 'http://www.utbildningscenter.com', '20230707-1234', '2023-07-07', '2023-07-07'),
    ('EventSuccé AB', 'Eventgatan 4, Lund', 'Event', '046-123 457', 'info@eventsucce.com', 'http://www.eventsucce.com', '20230708-1234', '2023-07-08', '2023-07-08'),
    ('SäkerhetsSolutions AB', 'Säkerhetsvägen 5, Helsingborg', 'Säkerhet', '042-555 679', 'info@sakerhetssolutions.com', 'http://www.sakerhetssolutions.com', '20230709-1234', '2023-07-09', '2023-07-09'),
    ('DigitalTrend AB', 'Digitalvägen 7, Linköping', 'Digital', '013-987 655', 'info@digitaltrend.com', 'http://www.digitaltrend.com', '20230710-1234', '2023-07-10', '2023-07-10'),
    ('ForskningPlus AB', 'Forskningsvägen 10, Karlstad', 'Forskning', '054-123 457', 'info@forskningplus.com', 'http://www.forskningplus.com', '20230711-1234', '2023-07-11', '2023-07-11'),
    ('EkonomiSupport AB', 'Ekonomigatan 6, Borås', 'Ekonomi', '033-555 679', 'info@ekonomisupport.com', 'http://www.ekonomisupport.com', '20230712-1234', '2023-07-12', '2023-07-12'),
    ('Hälsokraft AB', 'Hälsovårdsgatan 8, Halmstad', 'Hälsovård', '035-789 123', 'info@halsokraft.com', 'http://www.halsokraft.com', '20230713-1234', '2023-07-13', '2023-07-13'),
    ('MedieProduktion AB', 'Mediaproduktionsvägen 11, Visby', 'Media', '0498-987 655', 'info@medieproduktion.com', 'http://www.medieproduktion.com', '20230714-1234', '2023-07-14', '2023-07-14'),
    ('IT-Innovation AB', 'Innovationsvägen 9, Karlshamn', 'IT', '0455-123 457', 'info@itinnovation.com', 'http://www.itinnovation.com', '20230715-1234', '2023-07-15', '2023-07-15'),
    ('ByggProjekt AB', 'Byggprojektsvägen 12, Kristianstad', 'Bygg', '044-555 679', 'info@byggprojekt.com', 'http://www.byggprojekt.com', '20230716-1234', '2023-07-16', '2023-07-16'),
    ('TransportLogistik AB', 'Logistikvägen 13, Kalmar', 'Transport', '0480-789 123', 'info@transportlogistik.com', 'http://www.transportlogistik.com', '20230717-1234', '2023-07-17', '2023-07-17'),
    ('JuridikPartner AB', 'Juristvägen 14, Östersund', 'Juridik', '063-987 655', 'info@juridikpartner.com', 'http://www.juridikpartner.com', '20230718-1234', '2023-07-18', '2023-07-18'),
    ('UtbildningsStudion AB', 'Studiegatan 15, Växjö', 'Utbildning', '0470-123 458', 'info@utbildningsstudion.com', 'http://www.utbildningsstudion.com', '20230719-1234', '2023-07-19', '2023-07-19'),
    ('EventSverige AB', 'Eventsverigegatan 16, Gävle', 'Event', '026-555 680', 'info@eventsverige.com', 'http://www.eventsverige.com', '20230720-1234', '2023-07-20', '2023-07-20'),
    ('MiljöHälsa AB', 'Miljohalsogatan 17, Göteborg', 'Miljö', '031-987 656', 'info@miljohalsa.com', 'http://www.miljohalsa.com', '20230721-1234', '2023-07-21', '2023-07-21'),
    ('DigitaltUppdrag AB', 'Digitaluppdragsgatan 18, Örebro', 'Digital', '019-555 680', 'info@digitaltuppdrag.com', 'http://www.digitaltuppdrag.com', '20230722-1234', '2023-07-22', '2023-07-22'),
    ('ForskningFramtid AB', 'Forskningsframtidsgatan 19, Norrköping', 'Forskning', '011-123 458', 'info@forskningframtid.com', 'http://www.forskningframtid.com', '20230723-1234', '2023-07-23', '2023-07-23'),
    ('EkonomiExpert AB', 'Ekonomiexpertsgatan 20, Stockholm', 'Ekonomi', '08-789 123 46', 'info@ekonomiexpert.com', 'http://www.ekonomiexpert.com', '20230724-1234', '2023-07-24', '2023-07-24');

-- Seed data for contacts table
INSERT INTO contacts (contact_name, email, phone, company_id, job_title, address, notes, created_at, updated_at)
VALUES
    ('Victor Winberg', 'victor.winberg@sebra.se', '08-123 456 78', 1, 'CTO', 'Sveavägen 123, Stockholm', 'Kontakt för IT-frågor', '2024-05-28', '2024-05-28'),
    ('Sebastian Roos', 'sebastian.roos@sebra.se', '08-123 456 78', 1, 'VD', 'Sveavägen 123, Stockholm', 'Huvudkontaktperson', '2024-05-28', '2024-05-28'),
    ('Christopher Högberg', 'christopher.högberg@sebra.se', '08-123 456 78', 1, 'COO', 'Sveavägen 123, Stockholm', 'Kontakt för försäljning', '2024-05-28', '2024-05-28'),
    ('Jan Zubac', 'jan.zubac@sebra.se', '08-123 456 78', 1, 'Developer', 'Sveavägen 123, Stockholm', 'Huvudkontaktperson', '2024-05-28', '2024-05-28'),
    ('Fredrik Jakobsson', 'fredrik.jakobsson@sebra.se', '08-123 456 78', 1, 'Tech Lead', 'Sveavägen 123, Stockholm', 'Kontakt för konsulttjänster', '2024-05-28', '2024-05-28'),
    ('Anna Karlsson', 'anna.karlsson@finanshuset.com', '031-987 654', 2, 'Ekonomichef', 'Vasagatan 12, Göteborg', 'Kontakt för finansfrågor', '2024-05-27', '2024-05-27'),
    ('Erik Johansson', 'erik.johansson@industrx.com', '040-555 555', 3, 'Ingenjör', 'Kungsgatan 45, Malmö', 'Teknisk kontakt', '2024-05-26', '2024-05-26'),
    ('Maria Nilsson', 'maria.nilsson@handelshuset.com', '018-123 456', 4, 'Försäljningschef', 'Storgatan 1, Uppsala', 'Kontakt för försäljning', '2024-06-01', '2024-06-01'),
    ('Lars Andersson', 'lars.andersson@itspecialisterna.com', '046-789 123', 5, 'IT-ansvarig', 'Drottninggatan 5, Lund', 'Kontakt för IT-frågor', '2024-06-02', '2024-06-02'),
    ('Sara Eriksson', 'sara.eriksson@logistikpro.com', '013-987 654', 6, 'Logistikchef', 'Stora Torget 8, Linköping', 'Logistikkontakt', '2024-06-03', '2024-06-03'),
    ('Per Persson', 'per.persson@halsovard.com', '021-123 456', 7, 'Hälsochef', 'Drottninggatan 10, Västerås', 'Kontakt för hälsovård', '2024-06-04', '2024-06-04'),
    ('Kristina Bengtsson', 'kristina.bengtsson@miljotech.com', '019-555 678', 8, 'Miljöansvarig', 'Lilla Torget 7, Örebro', 'Kontakt för miljöfrågor', '2024-06-05', '2024-06-05'),
    ('Fredrik Olsson', 'fredrik.olsson@byggvision.com', '042-789 123', 9, 'Byggchef', 'Gustav Adolfs Torg 4, Helsingborg', 'Kontakt för byggfrågor', '2024-06-06', '2024-06-06'),
    ('Malin Pettersson', 'malin.pettersson@fastighetspro.com', '036-987 654', 10, 'Fastighetschef', 'Stortorget 6, Jönköping', 'Fastighetskontakt', '2024-06-07', '2024-06-07'),
    ('Göran Lindberg', 'goran.lindberg@konsultkraft.com', '054-123 456', 11, 'Konsultchef', 'Västra Hamngatan 5, Karlstad', 'Kontakt för konsulttjänster', '2024-06-08', '2024-06-08'),
    ('Linda Gustavsson', 'linda.gustavsson@mediamakers.com', '060-555 678', 12, 'Mediachef', 'Östra Storgatan 3, Sundsvall', 'Kontakt för mediafrågor', '2024-06-09', '2024-06-09'),
    ('Oscar Wallin', 'oscar.wallin@fou.com', '0920-789 123', 13, 'Forskare', 'Centralvägen 12, Luleå', 'Kontakt för forskning', '2024-06-10', '2024-06-10'),
    ('Elin Magnusson', 'elin.magnusson@transportteam.com', '090-987 654', 14, 'Transportchef', 'Storgatan 18, Umeå', 'Transportkontakt', '2024-06-11', '2024-06-11'),
    ('Niklas Holm', 'niklas.holm@finansexperterna.com', '033-123 456', 15, 'Ekonom', 'Bergsgatan 21, Borås', 'Kontakt för ekonomiska frågor', '2024-06-12', '2024-06-12'),
    ('Sofia Nilsson', 'sofia.nilsson@halsoteamet.com', '035-555 678', 16, 'Hälsocoach', 'Kungsgatan 30, Halmstad', 'Hälsokontakt', '2024-06-13', '2024-06-13'),
    ('Henrik Öberg', 'henrik.oberg@utbildningnu.com', '0455-789 123', 17, 'Utbildningsansvarig', 'Nygatan 2, Karlskrona', 'Kontakt för utbildning', '2024-06-14', '2024-06-14'),
    ('Emilia Berg', 'emilia.berg@restaurangpro.com', '0498-987 654', 18, 'Restaurangchef', 'Strandgatan 9, Visby', 'Restaurangkontakt', '2024-06-15', '2024-06-15'),
    ('Martin Sjögren', 'martin.sjogren@teknikinnovation.com', '016-123 456', 19, 'Teknisk chef', 'Industrigatan 8, Eskilstuna', 'Kontakt för tekniska frågor', '2024-06-16', '2024-06-16'),
    ('Jenny Forsberg', 'jenny.forsberg@energispecialisterna.com', '0470-555 678', 20, 'Energichef', 'Energigatan 5, Växjö', 'Energikontakt', '2024-06-17', '2024-06-17'),
    ('Olivia Andersson', 'olivia.andersson@designvision.com', '063-123 457', 34, 'Arkitekt', 'Arkitektvägen 3, Östersund', 'Huvudkontakt för arkitekturfrågor', '2023-07-01', '2023-07-01'),
    ('Lucas Karlsson', 'lucas.karlsson@teknotech.com', '0470-987 655', 35, 'Tekniker', 'Teknikvägen 10, Växjö', 'Teknisk support', '2023-07-02', '2023-07-02'),
    ('Ella Nyström', 'ella.nystrom@gronenergi.com', '026-555 679', 36, 'Energiingenjör', 'Energigatan 7, Gävle', 'Energiteknisk expert', '2023-07-03', '2023-07-03'),
    ('Oscar Bergqvist', 'oscar.bergqvist@handelspartners.com', '060-789 124', 37, 'Handelsspecialist', 'Handelsgatan 2, Sundsvall', 'Handelsrelaterade frågor', '2023-07-04', '2023-07-04'),
    ('Alva Jansson', 'alva.jansson@mediagiganten.com', '016-987 655', 38, 'Medieproducent', 'Mediavägen 5, Eskilstuna', 'Produktion av medieinnehåll', '2023-07-05', '2023-07-05'),
    ('Liam Andersson', 'liam.andersson@konsultfokus.com', '018-123 458', 39, 'Konsultansvarig', 'Konsultvägen 8, Uppsala', 'Ansvarig för konsulttjänster', '2023-07-06', '2023-07-06'),
    ('Maja Lindström', 'maja.lindstrom@restauranglyx.com', '040-555 680', 40, 'Kökschef', 'Lyxgatan 1, Malmö', 'Ansvarig för restaurangköket', '2023-07-07', '2023-07-07'),
    ('Noah Eriksson', 'noah.eriksson@halsaforalla.com', '031-987 656', 41, 'Hälsocoach', 'Hälsogatan 4, Göteborg', 'Hälsofrämjande åtgärder', '2023-07-08', '2023-07-08'),
    ('Wilma Nilsson', 'wilma.nilsson@byggstyrka.com', '019-555 680', 42, 'Byggledare', 'Byggarevägen 6, Örebro', 'Byggprojektledning', '2023-07-09', '2023-07-09'),
    ('Leo Pettersson', 'leo.pettersson@transporteffekt.com', '011-123 458', 43, 'Logistikkoordinator', 'Transportvägen 9, Norrköping', 'Koordinering av transporter', '2023-07-10', '2023-07-10'),
    ('Elsa Gustavsson', 'elsa.gustavsson@juridikexpert.com', '08-789 123 46', 44, 'Jurist', 'Juristgatan 3, Stockholm', 'Juridisk rådgivning', '2023-07-11', '2023-07-11'),
    ('Viktor Berg', 'viktor.berg@utbildningscenter.com', '090-987 655', 45, 'Utbildare', 'Skolvägen 2, Umeå', 'Pedagogiskt ansvar', '2023-07-12', '2023-07-12'),
    ('Nova Sjöberg', 'nova.sjoberg@eventsucce.com', '046-123 458', 46, 'Eventkoordinator', 'Eventgatan 4, Lund', 'Planering och genomförande av events', '2023-07-13', '2023-07-13'),
    ('Adam Karlsson', 'adam.karlsson@sakerhetssolutions.com', '042-555 680', 47, 'Säkerhetsexpert', 'Säkerhetsvägen 5, Helsingborg', 'Säkerhetsanalyser', '2023-07-14', '2023-07-14'),
    ('Ella Johansson', 'ella.johansson@digitaltrend.com', '013-987 656', 48, 'Digital marknadsförare', 'Digitalvägen 7, Linköping', 'Digital marknadsföring', '2023-07-15', '2023-07-15'),
    ('William Lindberg', 'william.lindberg@forskningplus.com', '054-123 458', 49, 'Forskare', 'Forskningsvägen 10, Karlstad', 'Forskningsprojekt', '2023-07-16', '2023-07-16'),
    ('Alma Eriksson', 'alma.eriksson@ekonomisupport.com', '033-555 680', 50, 'Ekonomikonsult', 'Ekonomigatan 6, Borås', 'Ekonomiska rådgivningstjänster', '2023-07-17', '2023-07-17'),
    ('Nils Nilsson', 'nils.nilsson@halsokraft.com', '035-789 123', 51, 'Hälsocoach', 'Hälsovårdsgatan 8, Halmstad', 'Hälsorådgivning', '2023-07-18', '2023-07-18'),
    ('Agnes Öberg', 'agnes.oberg@medieproduktion.com', '0498-987 655', 52, 'Medieproducent', 'Mediaproduktionsvägen 11, Visby', 'Produktion av media', '2023-07-19', '2023-07-19'),
    ('Oscar Nyström', 'oscar.nystrom@itinnovation.com', '0455-123 458', 53, 'IT-konsult', 'Innovationsvägen 9, Karlshamn', 'IT-lösningar', '2023-07-20', '2023-07-20'),
    ('Molly Sjöström', 'molly.sjoström@byggprojekt.com', '044-555 680', 54, 'Byggprojektledare', 'Byggprojektsvägen 12, Kristianstad', 'Projektledning inom byggsektorn', '2023-07-21', '2023-07-21'),
    ('Elias Lundgren', 'elias.lundgren@transportlogistik.com', '0480-789 123', 55, 'Logistikchef', 'Logistikvägen 13, Kalmar', 'Ledning av logistikverksamhet', '2023-07-22', '2023-07-22'),
    ('Alicia Gustafsson', 'alicia.gustafsson@juridikpartner.com', '063-987 655', 56, 'Jurist', 'Juristvägen 14, Östersund', 'Juridisk expertis', '2023-07-23', '2023-07-23'),
    ('Emil Andersson', 'emil.andersson@designvision.com', '063-123 459', 34, 'Arkitektassistent', 'Arkitektvägen 3, Östersund', 'Assistent åt arkitekten', '2023-07-24', '2023-07-24'),
    ('Ella Persson', 'ella.persson@designvision.com', '063-123 460', 34, 'Arkitektpraktikant', 'Arkitektvägen 3, Östersund', 'Praktikant inom arkitektur', '2023-07-25', '2023-07-25'),
    ('Gustav Larsson', 'gustav.larsson@teknotech.com', '0470-987 656', 35, 'Tekniksupport', 'Teknikvägen 10, Växjö', 'Support för teknikfrågor', '2023-07-26', '2023-07-26'),
    ('Amanda Berg', 'amanda.berg@gronenergi.com', '026-555 680', 36, 'Energitekniker', 'Energigatan 7, Gävle', 'Teknisk support inom energi', '2023-07-27', '2023-07-27'),
    ('Max Karlsson', 'max.karlsson@handelspartners.com', '060-789 125', 37, 'Handelssäljare', 'Handelsgatan 2, Sundsvall', 'Försäljning av handelsvaror', '2023-07-28', '2023-07-28'),
    ('Isabella Nilsson', 'isabella.nilsson@mediagiganten.com', '016-987 656', 38, 'Medieproducentassistent', 'Mediavägen 5, Eskilstuna', 'Assistans i mediaproduktion', '2023-07-29', '2023-07-29'),
    ('Felix Berg', 'felix.berg@konsultfokus.com', '018-123 459', 39, 'Konsultkoordinator', 'Konsultvägen 8, Uppsala', 'Koordinering av konsultuppdrag', '2023-07-30', '2023-07-30'),
    ('Molly Karlsson', 'molly.karlsson@restauranglyx.com', '040-555 681', 40, 'Servitris', 'Lyxgatan 1, Malmö', 'Servering och kundservice', '2023-07-31', '2023-07-31'),
    ('Theo Svensson', 'theo.svensson@halsaforalla.com', '031-987 657', 41, 'Hälsoanalytiker', 'Hälsogatan 4, Göteborg', 'Analys av hälsodata', '2024-02-01', '2024-02-01'),
    ('Alma Lindgren', 'alma.lindgren@byggstyrka.com', '019-555 681', 42, 'Byggingenjör', 'Byggarevägen 6, Örebro', 'Teknisk expertis inom bygg', '2024-02-02', '2024-02-02'),
    ('Harry Jonsson', 'harry.jonsson@transporteffekt.com', '011-123 459', 43, 'Logistikassistent', 'Transportvägen 9, Norrköping', 'Administrativa uppgifter inom logistik', '2024-02-03', '2024-02-03'),
    ('Signe Andersson', 'signe.andersson@juridikexpert.com', '08-789 123 47', 44, 'Paralegal', 'Juristgatan 3, Stockholm', 'Juridiskt stöd och research', '2024-02-04', '2024-02-04'),
    ('Viggo Karlsson', 'viggo.karlsson@utbildningscenter.com', '090-987 656', 45, 'Lärare', 'Skolvägen 2, Umeå', 'Undervisning i olika ämnen', '2024-02-05', '2024-02-05'),
    ('Ellen Pettersson', 'ellen.pettersson@eventsucce.com', '046-123 459', 46, 'Eventplanerare', 'Eventgatan 4, Lund', 'Planering och koordinering av events', '2024-02-06', '2024-02-06'),
    ('Anton Nilsson', 'anton.nilsson@sakerhetssolutions.com', '042-555 681', 47, 'Säkerhetskonsult', 'Säkerhetsvägen 5, Helsingborg', 'Konsultation inom säkerhet', '2024-02-07', '2024-02-07'),
    ('Saga Eriksson', 'saga.eriksson@digitaltrend.com', '013-987 657', 48, 'Digital strateg', 'Digitalvägen 7, Linköping', 'Strategisk rådgivning inom digital marknadsföring', '2024-02-08', '2024-02-08'),
    ('Melvin Gustafsson', 'melvin.gustafsson@forskningplus.com', '054-123 459', 49, 'Forskningsassistent', 'Forskningsvägen 10, Karlstad', 'Assistans i forskningsprojekt', '2024-02-09', '2024-02-09'),
    ('Elvira Eriksson', 'elvira.eriksson@ekonomisupport.com', '033-555 681', 50, 'Ekonomiassistent', 'Ekonomigatan 6, Borås', 'Assistans i ekonomifrågor', '2024-02-10', '2024-02-10'),
    ('Hugo Bergqvist', 'hugo.bergqvist@halsokraft.com', '035-789 124', 51, 'Hälsospecialist', 'Hälsovårdsgatan 8, Halmstad', 'Specialist inom hälsorådgivning', '2024-02-11', '2024-02-11'),
    ('Sara Andersson', 'sara.andersson@medieproduktion.com', '0498-987 656', 52, 'Mediaproducent', 'Mediaproduktionsvägen 11, Visby', 'Produktion av media', '2024-02-12', '2024-02-12'),
    ('Olle Persson', 'olle.persson@itinnovation.com', '0455-123 459', 53, 'IT-tekniker', 'Innovationsvägen 9, Karlshamn', 'Support och underhåll av IT-system', '2024-02-13', '2024-02-13'),
    ('Alice Karlsson', 'alice.karlsson@byggprojekt.com', '044-555 681', 54, 'Byggprojektassistent', 'Byggprojektsvägen 12, Kristianstad', 'Assistans i byggprojekt', '2024-02-14', '2024-02-14'),
    ('Ludvig Jonsson', 'ludvig.jonsson@transportlogistik.com', '0480-789 124', 55, 'Logistikkoordinator', 'Logistikvägen 13, Kalmar', 'Koordinering av logistikverksamhet', '2024-02-15', '2024-02-15'),
    ('Alfred Svensson', 'alfred.svensson@designvision.com', '063-123 461', 34, 'Arkitektassistent', 'Arkitektvägen 3, Östersund', 'Assistent åt arkitekten', '2024-02-16', '2024-02-16'),
    ('Nora Lindberg', 'nora.lindberg@designvision.com', '063-123 462', 34, 'Arkitektpraktikant', 'Arkitektvägen 3, Östersund', 'Praktikant inom arkitektur', '2024-02-17', '2024-02-17'),
    ('Isak Eriksson', 'isak.eriksson@teknotech.com', '0470-987 657', 35, 'Teknikkonsult', 'Teknikvägen 10, Växjö', 'Konsultation inom teknik', '2024-02-18', '2024-02-18'),
    ('Nova Karlsson', 'nova.karlsson@gronenergi.com', '026-555 681', 36, 'Energikonsult', 'Energigatan 7, Gävle', 'Rådgivning inom energieffektivisering', '2024-02-19', '2024-02-19'),
    ('Elton Persson', 'elton.persson@handelspartners.com', '060-789 126', 37, 'Handelsanalytiker', 'Handelsgatan 2, Sundsvall', 'Marknadsanalyser och försäljningsstrategier', '2024-02-20', '2024-02-20'),
    ('Ebba Johansson', 'ebba.johansson@mediagiganten.com', '016-987 657', 38, 'Medieproducent', 'Mediavägen 5, Eskilstuna', 'Produktion och redigering av media', '2024-02-21', '2024-02-21'),
    ('Liam Berg', 'liam.berg@konsultfokus.com', '018-123 460', 39, 'Konsultassistent', 'Konsultvägen 8, Uppsala', 'Administrativt stöd till konsultverksamhet', '2024-02-22', '2024-02-22'),
    ('Selma Nilsson', 'selma.nilsson@restauranglyx.com', '040-555 682', 40, 'Kock', 'Lyxgatan 1, Malmö', 'Ansvarig för matlagning', '2024-02-23', '2024-02-23'),
    ('Neo Sjöberg', 'neo.sjoberg@halsaforalla.com', '031-987 658', 41, 'Hälsoinstruktör', 'Hälsogatan 4, Göteborg', 'Instruktion och coachning inom hälsa', '2024-02-24', '2024-02-24'),
    ('Livia Gustavsson', 'livia.gustavsson@byggstyrka.com', '019-555 682', 42, 'Byggtekniker', 'Byggarevägen 6, Örebro', 'Teknisk support och projektledning inom bygg', '2024-02-25', '2024-02-25'),
    ('Noel Eriksson', 'noel.eriksson@transporteffekt.com', '011-123 460', 43, 'Logistikadministratör', 'Transportvägen 9, Norrköping', 'Administrativt stöd till logistikverksamhet', '2024-02-26', '2024-02-26'),
    ('Vera Andersson', 'vera.andersson@juridikexpert.com', '08-789 123 48', 44, 'Juridisk assistent', 'Juristgatan 3, Stockholm', 'Administrativ support inom juridik', '2024-02-27', '2024-02-27'),
    ('Algot Berg', 'algot.berg@utbildningscenter.com', '090-987 657', 45, 'Utbildningsadministratör', 'Skolvägen 2, Umeå', 'Administrativa uppgifter inom utbildning', '2024-02-28', '2024-02-28'),
    ('Wilhelmina Pettersson', 'wilhelmina.pettersson@eventsucce.com', '046-123 460', 46, 'Eventkoordinator', 'Eventgatan 4, Lund', 'Planering och genomförande av evenemang', '2024-02-29', '2024-02-29'),
    ('Sixten Nilsson', 'sixten.nilsson@sakerhetssolutions.com', '042-555 682', 47, 'Säkerhetsanalytiker', 'Säkerhetsvägen 5, Helsingborg', 'Analyser av säkerhetsrisker och -lösningar', '2024-02-30', '2024-02-30'),
    ('Tindra Eriksson', 'tindra.eriksson@digitaltrend.com', '013-987 658', 48, 'Digital marknadsstrateg', 'Digitalvägen 7, Linköping', 'Strategiskt arbete inom digital marknadsföring', '2024-02-31', '2024-02-31'),
    ('Harry Lindberg', 'harry.lindberg@forskningplus.com', '054-123 460', 49, 'Forskningskoordinator', 'Forskningsvägen 10, Karlstad', 'Koordinering och administrativ support för forskningsprojekt', '2023-09-01', '2023-09-01'),
    ('Ellinor Andersson', 'ellinor.andersson@ekonomisupport.com', '033-555 682', 50, 'Ekonomikonsultant', 'Ekonomigatan 6, Borås', 'Konsultation och rådgivning inom ekonomi', '2023-09-02', '2023-09-02'),
    ('Melker Eriksson', 'melker.eriksson@halsokraft.com', '035-789 125', 51, 'Hälsocoach', 'Hälsovårdsgatan 8, Halmstad', 'Coachning och hälsorådgivning', '2023-09-03', '2023-09-03'),
    ('Alva Pettersson', 'alva.pettersson@medieproduktion.com', '0498-987 657', 52, 'Medieproducentassistent', 'Mediaproduktionsvägen 11, Visby', 'Administrativt stöd i medieproduktion', '2023-09-04', '2023-09-04'),
    ('Ville Nilsson', 'ville.nilsson@itinnovation.com', '0455-123 460', 53, 'IT-administratör', 'Innovationsvägen 9, Karlshamn', 'Administration och support av IT-system', '2023-09-05', '2023-09-05'),
    ('Tilda Karlsson', 'tilda.karlsson@byggprojekt.com', '044-555 682', 54, 'Byggprojektassistent', 'Byggprojektsvägen 12, Kristianstad', 'Assistans i genomförande av byggprojekt', '2023-09-06', '2023-09-06'),
    ('Sofia Nilsson', 'sofia.nilsson@designvision.com', '063-123 463', 34, 'Arkitekt', 'Arkitektvägen 3, Östersund', 'Huvudarkitekt för projekt', '2023-09-07', '2023-09-07'),
    ('William Berg', 'william.berg@designvision.com', '063-123 464', 34, 'Projektledare', 'Arkitektvägen 3, Östersund', 'Ansvarig för projektplanering', '2023-09-08', '2023-09-08'),
    ('Linnea Eriksson', 'linnea.eriksson@designvision.com', '063-123 465', 34, 'Arkitekturassistent', 'Arkitektvägen 3, Östersund', 'Assistans i arkitekturprojekt', '2023-09-09', '2023-09-09'),
    ('Oscar Andersson', 'oscar.andersson@designvision.com', '063-123 466', 34, 'Arkitekturstudenter', 'Arkitektvägen 3, Östersund', 'Praktikant inom arkitektur', '2023-09-10', '2023-09-10'),
    ('Elsa Persson', 'elsa.persson@teknotech.com', '0470-987 658', 35, 'Teknikspecialist', 'Teknikvägen 10, Växjö', 'Specialist inom teknikutveckling', '2023-09-11', '2023-09-11'),
    ('Noel Larsson', 'noel.larsson@teknotech.com', '0470-987 659', 35, 'Teknisk säljare', 'Teknikvägen 10, Växjö', 'Försäljning av teknikprodukter', '2023-09-12', '2023-09-12'),
    ('Maja Gustavsson', 'maja.gustavsson@gronenergi.com', '026-555 682', 36, 'Energirådgivare', 'Energigatan 7, Gävle', 'Rådgivning om energilösningar', '2023-09-13', '2023-09-13'),
    ('Leo Lindberg', 'leo.lindberg@gronenergi.com', '026-555 683', 36, 'Energianalytiker', 'Energigatan 7, Gävle', 'Analyser av energiförbrukning', '2023-09-14', '2023-09-14'),
    ('Ebba Karlsson', 'ebba.karlsson@handelspartners.com', '060-789 127', 37, 'Försäljningschef', 'Handelsgatan 2, Sundsvall', 'Ledning av försäljningsteam', '2023-09-15', '2023-09-15'),
    ('Viggo Persson', 'viggo.persson@handelspartners.com', '060-789 128', 37, 'Marknadsstrateg', 'Handelsgatan 2, Sundsvall', 'Utveckling av marknadsstrategier', '2023-09-16', '2023-09-16'),
    ('Astrid Eriksson', 'astrid.eriksson@mediagiganten.com', '016-987 658', 38, 'Medieproducent', 'Mediavägen 5, Eskilstuna', 'Produktion av mediainnehåll', '2023-09-17', '2023-09-17'),
    ('Elvin Nilsson', 'elvin.nilsson@mediagiganten.com', '016-987 659', 38, 'Mediekoordinator', 'Mediavägen 5, Eskilstuna', 'Koordinering av medieproduktion', '2023-09-18', '2023-09-18'),
    ('Alva Berg', 'alva.berg@konsultfokus.com', '018-123 461', 39, 'Konsultchef', 'Konsultvägen 8, Uppsala', 'Ledning av konsultverksamhet', '2023-09-19', '2023-09-19'),
    ('Wilhelm Svensson', 'wilhelm.svensson@konsultfokus.com', '018-123 462', 39, 'Konsultutvecklare', 'Konsultvägen 8, Uppsala', 'Utveckling av konsulttjänster', '2023-09-20', '2023-09-20'),
    ('Stella Eriksson', 'stella.eriksson@restauranglyx.com', '040-555 683', 40, 'Köksmästare', 'Lyxgatan 1, Malmö', 'Ansvarig för kökets drift', '2023-09-21', '2023-09-21'),
    ('Valter Johansson', 'valter.johansson@restauranglyx.com', '040-555 684', 40, 'Sommelier', 'Lyxgatan 1, Malmö', 'Expert inom vin- och dryckessortiment', '2023-09-22', '2023-09-22'),
    ('Elsa Berg', 'elsa.berg@halsaforalla.com', '031-987 659', 41, 'Hälsorådgivare', 'Hälsogatan 4, Göteborg', 'Rådgivning och stöd för hälsobefrämjande åtgärder', '2023-09-23', '2023-09-23'),
    ('Melissa Sjöberg', 'melissa.sjoberg@halsaforalla.com', '031-987 660', 41, 'Hälsoinstruktör', 'Hälsogatan 4, Göteborg', 'Instruktion och coachning inom hälsa', '2023-09-24', '2023-09-24'),
    ('Gustav Jonsson', 'gustav.jonsson@byggstyrka.com', '019-555 683', 42, 'Byggledare', 'Byggarevägen 6, Örebro', 'Ledning och styrning av byggprojekt', '2023-09-25', '2023-09-25'),
    ('Ellie Andersson', 'ellie.andersson@byggstyrka.com', '019-555 684', 42, 'Byggprojektledare', 'Byggarevägen 6, Örebro', 'Planering och ledning av byggprojekt', '2023-09-26', '2023-09-26'),
    ('Eddie Larsson', 'eddie.larsson@transporteffekt.com', '011-123 461', 43, 'Logistikchef', 'Transportvägen 9, Norrköping', 'Ledning av logistikverksamhet', '2023-09-27', '2023-09-27'),
    ('Vilda Berg', 'vilda.berg@transporteffekt.com', '011-123 462', 43, 'Logistikplanerare', 'Transportvägen 9, Norrköping', 'Planering och optimering av logistikflöden', '2023-09-28', '2023-09-28'),
    ('Jack Andersson', 'jack.andersson@juridikexpert.com', '08-789 123 49', 44, 'Juridisk rådgivare', 'Juristgatan 3, Stockholm', 'Rådgivning inom juridik', '2023-09-29', '2023-09-29');

-- Seed data for assignments table
INSERT INTO assignments (assignment_name, external_contact_id, company_id, fee, type, status, created_at, updated_at)
VALUES
    ('Affärslokaler och Hyresförhandlingar', 80, 46, 102000.00, 'Affärslokaler och Hyresförhandlingar', 'Pågående', '2024-02-30', '2024-02-30'),
    ('Affärslokaler och Lägesbedömning', 98, 37, 122000.00, 'Affärslokaler och Lägesbedömning', 'Pågående', '2023-09-18', '2023-09-18'),
    ('Bostadsutveckling och Framtidsplanering', 94, 35, 118000.00, 'Bostadsutveckling och Framtidsplanering', 'Pågående', '2023-09-14', '2023-09-14'),
    ('Byggnation av Residens och Arkitekturdesign', 99, 38, 109000.00, 'Byggnation och Arkitekturdesign', 'Avslutat', '2023-09-21', '2023-09-21'),
    ('Driftsekonomi och Förvaltning av Hotellfastigheter', 88, 54, 112000.00, 'Driftsekonomi och Förvaltning', 'Pågående', '2023-09-08', '2023-09-08'),
    ('Egendomsförvaltning och Underhållsstrategi', 93, 35, 103000.00, 'Egendomsförvaltning och Underhållsstrategi', 'Avslutat', '2023-09-15', '2023-09-15'),
    ('Egendomsförvaltning och Uthyrningsstrategi', 87, 53, 97000.00, 'Egendomsförvaltning och Uthyrningsstrategi', 'Avslutat', '2023-09-09', '2023-09-09'),
    ('Expansion av Fastighetsportfölj', 82, 48, 106000.00, 'Expansion', 'Pågående', '2023-09-02', '2023-09-02'),
    ('Försäljning av Residensfastigheter och Marknadsanalys', 89, 34, 99000.00, 'Försäljning och Marknadsanalys', 'Avslutat', '2023-09-11', '2023-09-11'),
    ('Försäljningsstrategi för Bostäder', 81, 47, 89000.00, 'Försäljningsstrategi', 'Avslutat', '2023-09-03', '2023-09-03'),
    ('Försäljningsstrategi för Bostadsfastigheter', 97, 37, 107000.00, 'Försäljningsstrategi för Bostadsfastigheter', 'Avslutat', '2023-09-19', '2023-09-19'),
    ('Förvärv av Kommersiella Fastigheter', 83, 49, 93000.00, 'Förvärv', 'Avslutat', '2023-09-05', '2023-09-05'),
    ('Handelsfastigheter och Marknadsföringsstrategi', 85, 51, 95000.00, 'Handelsfastigheter och Marknadsföringsstrategi', 'Avslutat', '2023-09-07', '2023-09-07'),
    ('Hotellfastigheter och Gästupplevelser', 96, 36, 120000.00, 'Hotellfastigheter och Gästupplevelser', 'Pågående', '2023-09-16', '2023-09-16'),
    ('Kommersiell Fastighetsutveckling och Hyresförhandlingar', 102, 39, 126000.00, 'Kommersiell Fastighetsutveckling och Hyresförhandlingar', 'Pågående', '2023-09-22', '2023-09-22'),
    ('Kontorslokaler och Arbetsmiljöanalys', 92, 39, 116000.00, 'Kontorslokaler och Arbetsmiljöanalys', 'Pågående', '2023-09-12', '2023-09-12'),
    ('Kontorslokaler och Hyresgästförhandlingar', 84, 50, 108000.00, 'Kontorslokaler och Hyresgästförhandlingar', 'Pågående', '2023-09-04', '2023-09-04'),
    ('Marknadsundersökning och Expansionstrategi', 95, 36, 105000.00, 'Marknadsundersökning och Expansionstrategi', 'Avslutat', '2023-09-17', '2023-09-17'),
    ('Nybyggnation av Lägenheter och Byggprojektering', 90, 34, 114000.00, 'Nybyggnation och Byggprojektering', 'Pågående', '2023-09-10', '2023-09-10'),
    ('Renovering av Bostäder och Lägenhetsdesign', 86, 52, 110000.00, 'Renovering och Lägenhetsdesign', 'Pågående', '2023-09-06', '2023-09-06'),
    ('Residensfastigheter och Lägenhetsplanering', 79, 45, 87000.00, 'Residensfastigheter och Lägenhetsplanering', 'Avslutat', '2024-02-31', '2024-02-31'),
    ('Strategisk Marknadsföring och Uthyrning av Butikslokaler', 91, 34, 101000.00, 'Strategisk Marknadsföring och Uthyrning', 'Avslutat', '2023-09-13', '2023-09-13'),
    ('Uthyrning av Butikslokaler och Driftsplanering', 100, 38, 124000.00, 'Uthyrning och Driftsplanering', 'Pågående', '2023-09-20', '2023-09-20'),
    ('Uthyrning och Förvaltning av Butiksfastigheter', 82, 48, 104000.00, 'Uthyrning och Förvaltning av Butiksfastigheter', 'Pågående', '2023-09-01', '2023-09-01');

-- Seed data for assignment responsible contacts table
INSERT INTO assignment_responsible_contacts (assignment_id, contact_id)
VALUES
    (1, 1),
    (1, 2),
    (1, 78),
    (2, 96),
    (3, 3),
    (3, 92),
    (4, 4),
    (4, 99),
    (5, 1),
    (5, 86),
    (6, 93),
    (7, 2),
    (7, 87),
    (8, 80),
    (9, 3),
    (9, 89),
    (10, 4),
    (10, 81),
    (11, 97),
    (12, 1),
    (12, 83),
    (13, 2),
    (13, 85),
    (14, 3),
    (14, 94),
    (15, 4),
    (15, 100),
    (16, 1),
    (16, 90),
    (17, 2),
    (17, 82),
    (18, 3),
    (18, 95),
    (19, 4),
    (19, 88),
    (20, 1),
    (20, 84),
    (21, 2),
    (21, 79),
    (22, 3),
    (22, 91),
    (23, 4),
    (23, 98),
    (24, 1),
    (24, 80);

-- Seed the interactions table
INSERT INTO interactions (interaction_id, interaction_date, interaction_type, notes)
VALUES
    ('17b56a4a-7c4e-4a16-8562-931d2fb901a1', '2024-04-01', 'E-post', 'Delade senaste projektuppdateringar.'),
    ('841cf4a4-b11e-4e37-b124-de277da2df93', '2024-04-02', 'Telefonsamtal', 'Diskuserade nästa steg.'),
    ('543921ff-a9ac-4e6c-805d-d858b4b90889', '2024-04-03', 'Möte', 'Slutlig granskningssession.'),
    ('6bd6fb07-afb0-4413-b757-c499d2753d7c', '2024-04-04', 'E-post', 'Skickade slutdokument.'),
    ('45c5efa8-9a8a-4a13-b489-55059a14dc0e', '2024-04-05', 'Telefonsamtal', 'Kundavskrivningsdiskussion.'),
    ('9ee5eb7e-2d5e-433b-b9bd-2321f7cd2863', '2024-04-06', 'Möte', 'Utvärdering efter projekt.'),
    ('67d13c13-56eb-4e2a-85ed-6b81c0a138f1', '2024-04-07', 'E-post', 'Uppföljning vid utvärdering.'),
    ('3a06cdfb-229b-439e-8e84-2fe1c1c20a00', '2024-04-08', 'Telefonsamtal', 'Diskusserade lärdomar.'),
    ('d4a7a14b-dd8f-4008-8d7a-e3c3832fec1e', '2024-04-09', 'Möte', 'Planerar nästa projekt.'),
    ('1d52866a-b6ee-4884-a4f9-811cc36573b3', '2024-04-10', 'E-post', 'Delat nytt projektförslag.'),
    ('5aba874e-6518-4bb1-9fb6-b652fed18ca8', '2024-04-11', 'Telefonsamtal', 'Diskuterade förslagsdetaljer.'),
    ('84e03d5a-7738-415f-8357-2dd9540c9ff5', '2024-04-12', 'Möte', 'Initial projektplanering.'),
    ('32deb1d7-5b4e-44ce-aaa1-6a8b402ea189', '2024-04-13', 'E-post', 'Skickat material för projektstart.'),
    ('575be82f-3aba-4527-8b24-71e91bfaaea0', '2024-04-14', 'Telefonsamtal', 'Bekräftad projektstart.'),
    ('27b9a070-1725-47c0-b804-3ac4a8560a08', '2024-04-15', 'Möte', 'Team kickoff möte.'),
    ('9a46b157-e2c5-4da3-8dc3-83dc803ad212', '2024-04-16', 'E-post', 'Delade teamroller och ansvarsområden.'),
    ('43cc1cc8-d1b6-4825-bf39-d33d1258f09d', '2024-04-17', 'Telefonsamtal', 'Förtydliga teamfrågor.'),
    ('713b7537-1e76-4cf3-9b11-596aec271471', '2024-04-18', 'Möte', 'Projektanpassningssession.'),
    ('c8158570-38de-4717-a620-e642883eed2d', '2024-04-19', 'E-post', 'Uppföljning av anpassningsmöte.'),
    ('788ec0d1-9cfc-4c75-9d32-57e2fa0b3672', '2024-04-20', 'Telefonsamtal', 'Diskuterade projektrisker.'),
    ('2189857c-6195-4a61-a595-cfd4f2a4cfdb', '2024-04-21', 'Möte', 'Riskreducerande planering.'),
    ('384b7a3f-e920-4eac-abc8-278714215c78', '2024-04-22', 'E-post', 'Skickade uppdaterad riskplan.'),
    ('45a6a99b-aa85-432e-b4c3-aae9f6c9b545', '2024-04-23', 'Telefonsamtal', 'Reviderad riskplan.'),
    ('2669bbf6-957b-4dfc-b681-53181f35372a', '2024-04-24', 'Möte', 'Projektets milstolpegranskning.'),
    ('ef19545f-e13f-45be-b33c-4f8a2a143f6f', '2024-04-25', 'E-post', 'Delade milstolpeuppdateringar.'),
    ('d80df441-967d-4c48-813c-b917d033d16f', '2024-04-26', 'Telefonsamtal', 'Diskuterade milstolpsförlopp.'),
    ('4639892a-838e-4f9a-bdb1-682d72fdad15', '2024-04-27', 'Möte', 'Reviewed projektmål.'),
    ('d68af090-b3c0-4ec1-92df-d7b8e2faaa79', '2024-04-28', 'E-post', 'Skickade uppdaterade projektmål.'),
    ('3dae78d4-353a-4b67-8574-259fa664191c', '2024-05-08', 'Telefonsamtal', 'Slutlig avslutningsdiskussion.'),
    ('d5e86fe6-9cfe-429c-ab8c-596815cf9d1a', '2024-05-09', 'Möte', 'Brainstorming för nytt projekt.'),
    ('b46ccefe-27a8-437d-b7bb-fbd4eb468cff', '2024-05-10', 'E-post', 'Skickat projektöversikt.'),
    ('b2447f1e-f859-4a25-8b5d-8a7543f2eff2', '2024-05-11', 'Telefonsamtal', 'Diskuterade projektleveranser.'),
    ('599253d6-39a1-4fcd-a1ee-d19d7ab014f0', '2024-05-12', 'Möte', 'Team kickoff meeting.'),
    ('ba4ae6f1-8adc-4fd1-84d6-9424408b9acf', '2024-05-13', 'E-post', 'Uppföljning av teamuppgifter.'),
    ('6b9bec7c-79d4-4ca5-87b8-d6c8b425b24c', '2024-05-14', 'Telefonsamtal', 'Förtydligade kundkrav.'),
    ('4ec2198e-2ead-424d-b2f8-7b4e48fa9a11', '2024-05-15', 'Möte', 'Projektplaneringssession.'),
    ('e4f2e38d-7031-485a-95ac-2566bf6bf82a', '2024-05-16', 'E-post', 'Delat projektschema.'),
    ('f927238d-eb44-47ac-b29f-f8ec51c37a80', '2024-05-17', 'Telefonsamtal', 'Uppdaterad om projektstatus.'),
    ('d079bb94-4dae-4082-8a1c-2b5503213fc4', '2024-05-18', 'Möte', 'Granska mitt i projektet.'),
    ('3c546a87-8839-4130-9f58-c1fcc290a1fa', '2024-05-19', 'E-post', 'Uppföljning av recensionsfeedback.'),
    ('264a548d-868f-4157-b142-496a21d10b15', '2024-05-20', 'Telefonsamtal', 'Diskuterade tekniska utmaningar.'),
    ('d479bbe4-41f3-4c8d-b2db-abe3586753d0', '2024-05-21', 'Möte', 'Riskbedömningsmöte.'),
    ('04b7807b-b173-4841-bc26-7308b14bb1a0', '2024-05-22', 'E-post', 'Skickade riskreduceringsplan.'),
    ('4870ef67-af89-4fb6-8e0b-88d5d1880db4', '2024-05-23', 'Telefonsamtal', 'Uppdaterad riskstatus.'),
    ('c7becd93-7b9b-4f29-ad5a-6ad2264aa0af', '2024-05-24', 'Möte', 'Projektkontrollpunktsmöte.'),
    ('781e2daf-437e-49c7-9fff-5d2b21e73628', '2024-05-25', 'E-post', 'Uppföljning av kontrollpunktsåtgärder.'),
    ('dee3a6f9-476b-4eb7-ab46-543cc46c2cc2', '2024-05-26', 'Telefonsamtal', 'Kundfeedback session.'),
    ('4d62974c-8e37-43e6-90a1-85c3239d0b5a', '2024-05-27', 'Möte', 'Granskad feedback.'),
    ('58a67cd0-dbdb-48bc-8e43-b2316a99c066', '2024-05-28', 'E-post', 'Skickade reviderad projektplan.'),
    ('49f5ab7a-98bd-4cda-bd1a-44d48bb31bfc', '2024-05-29', 'Telefonsamtal', 'Diskuterade ändringar.'),
    ('ecff2be2-08ce-448f-b918-4b35694d1138', '2024-05-30', 'Möte', 'Projektuppdateringsmöte.'),
    ('58055832-4d14-4e1f-8621-b6bfd72a1235', '2024-06-01', 'Möte', 'Diskuterade projektets omfattning och krav.'),
    ('90218035-fac7-4dd8-addb-d05ca26be1f8', '2024-06-02', 'E-post', 'Uppföljning av projektförslag.'),
    ('3c8ac56a-1899-4abd-bbe7-d0934a9c3751', '2024-06-03', 'Telefonsamtal', 'Förtydligade tekniska detaljer.'),
    ('63445424-9bdd-45f9-8bc6-b9d57fa2404e', '2024-06-04', 'Möte', 'Granskad projekttidslinje.'),
    ('651cee9d-ecd6-4e4d-a288-2e53014f259a', '2024-06-05', 'E-post', 'Skickat projektdokumentation.'),
    ('784ee5d9-6916-486e-a856-07893f00579f', '2024-06-06', 'Telefonsamtal', 'Diskuterade budget och utgifter.'),
    ('5f168389-6458-4899-9002-b390d2b724d0', '2024-06-07', 'Möte', 'Projektstartmöte.'),
    ('e72ce4f4-3569-43ef-bc2c-86eb8ed72a9d', '2024-06-08', 'E-post', 'Delade projektuppdateringar.'),
    ('f06943f3-e45d-4055-bcb7-6e17e5f8e240', '2024-06-09', 'Telefonsamtal', 'Att åtgärdat kundproblem.'),
    ('3fde839e-cede-49ca-853d-2fa363733713', '2024-06-10', 'Möte', 'Reviewed projektmilstolpar.'),
    ('cb0ce982-be01-4034-8d32-12b802798d49', '2024-06-11', 'E-post', 'Uppföljning av åtgärder.'),
    ('1d8ffd2f-8e42-455f-b56d-a7e5440af18f', '2024-06-12', 'Telefonsamtal', 'Teknisk diskussion.'),
    ('8786829a-612c-4435-8719-a6850442da81', '2024-06-13', 'Möte', 'Projektförloppsgranskning.'),
    ('31fe174c-7dde-44f4-9466-800d23452337', '2024-06-14', 'E-post', 'Skickade uppdaterad projektplan.'),
    ('e1a36f99-5b90-4b09-9920-1e2202ec95f8', '2024-06-15', 'Telefonsamtal', 'Budgetgodkännande diskussion.'),
    ('687fb8f8-f3e1-46a7-a199-d7d3c2f57b1b', '2024-06-16', 'Möte', 'Kundfeedback session.'),
    ('9e68c601-a77a-46a8-bb31-1cd1e1e987df', '2024-06-17', 'E-post', 'Uppföljning av kundfeedback.'),
    ('d1a27287-eb71-4157-b90d-866de4130a5c', '2024-06-18', 'Telefonsamtal', 'Lösa tekniska problem.'),
    ('1eaf1e0f-f1af-4b9e-bba7-6dc06bfe71c0', '2024-06-19', 'Möte', 'Slutlig projektgenomgång.'),
    ('95974cd8-77a6-4601-af97-d3d1da39c524', '2024-06-20', 'E-post', 'Skickat slutlig projektrapport.');

-- Seed the interaction_contacts table
INSERT INTO interaction_contacts (interaction_id, contact_id)
VALUES
    ('04b7807b-b173-4841-bc26-7308b14bb1a0', 1),
    ('04b7807b-b173-4841-bc26-7308b14bb1a0', 85),
    ('17b56a4a-7c4e-4a16-8562-931d2fb901a1', 1),
    ('17b56a4a-7c4e-4a16-8562-931d2fb901a1', 2),
    ('17b56a4a-7c4e-4a16-8562-931d2fb901a1', 3),
    ('17b56a4a-7c4e-4a16-8562-931d2fb901a1', 4),
    ('1d52866a-b6ee-4884-a4f9-811cc36573b3', 20),
    ('1d52866a-b6ee-4884-a4f9-811cc36573b3', 3),
    ('1d8ffd2f-8e42-455f-b56d-a7e5440af18f', 1),
    ('1d8ffd2f-8e42-455f-b56d-a7e5440af18f', 26),
    ('1eaf1e0f-f1af-4b9e-bba7-6dc06bfe71c0', 2),
    ('1eaf1e0f-f1af-4b9e-bba7-6dc06bfe71c0', 40),
    ('2189857c-6195-4a61-a595-cfd4f2a4cfdb', 1),
    ('2189857c-6195-4a61-a595-cfd4f2a4cfdb', 2),
    ('264a548d-868f-4157-b142-496a21d10b15', 5),
    ('264a548d-868f-4157-b142-496a21d10b15', 81),
    ('2669bbf6-957b-4dfc-b681-53181f35372a', 2),
    ('2669bbf6-957b-4dfc-b681-53181f35372a', 47),
    ('27b9a070-1725-47c0-b804-3ac4a8560a08', 29),
    ('27b9a070-1725-47c0-b804-3ac4a8560a08', 4),
    ('31fe174c-7dde-44f4-9466-800d23452337', 29),
    ('31fe174c-7dde-44f4-9466-800d23452337', 30),
    ('32deb1d7-5b4e-44ce-aaa1-6a8b402ea189', 25),
    ('32deb1d7-5b4e-44ce-aaa1-6a8b402ea189', 3),
    ('384b7a3f-e920-4eac-abc8-278714215c78', 2),
    ('384b7a3f-e920-4eac-abc8-278714215c78', 43),
    ('3a06cdfb-229b-439e-8e84-2fe1c1c20a00', 16),
    ('3a06cdfb-229b-439e-8e84-2fe1c1c20a00', 2),
    ('3c546a87-8839-4130-9f58-c1fcc290a1fa', 5),
    ('3c546a87-8839-4130-9f58-c1fcc290a1fa', 79),
    ('3c8ac56a-1899-4abd-bbe7-d0934a9c3751', 1),
    ('3c8ac56a-1899-4abd-bbe7-d0934a9c3751', 108),
    ('3dae78d4-353a-4b67-8574-259fa664191c', 3),
    ('3dae78d4-353a-4b67-8574-259fa664191c', 57),
    ('3fde839e-cede-49ca-853d-2fa363733713', 2),
    ('3fde839e-cede-49ca-853d-2fa363733713', 22),
    ('43cc1cc8-d1b6-4825-bf39-d33d1258f09d', 33),
    ('43cc1cc8-d1b6-4825-bf39-d33d1258f09d', 4),
    ('45a6a99b-aa85-432e-b4c3-aae9f6c9b545', 2),
    ('45a6a99b-aa85-432e-b4c3-aae9f6c9b545', 45),
    ('45c5efa8-9a8a-4a13-b489-55059a14dc0e', 10),
    ('45c5efa8-9a8a-4a13-b489-55059a14dc0e', 2),
    ('4639892a-838e-4f9a-bdb1-682d72fdad15', 3),
    ('4639892a-838e-4f9a-bdb1-682d72fdad15', 53),
    ('4870ef67-af89-4fb6-8e0b-88d5d1880db4', 1),
    ('4870ef67-af89-4fb6-8e0b-88d5d1880db4', 87),
    ('49f5ab7a-98bd-4cda-bd1a-44d48bb31bfc', 1),
    ('49f5ab7a-98bd-4cda-bd1a-44d48bb31bfc', 99),
    ('4d62974c-8e37-43e6-90a1-85c3239d0b5a', 2),
    ('4d62974c-8e37-43e6-90a1-85c3239d0b5a', 96),
    ('4ec2198e-2ead-424d-b2f8-7b4e48fa9a11', 5),
    ('4ec2198e-2ead-424d-b2f8-7b4e48fa9a11', 71),
    ('543921ff-a9ac-4e6c-805d-d858b4b90889', 1),
    ('543921ff-a9ac-4e6c-805d-d858b4b90889', 6),
    ('575be82f-3aba-4527-8b24-71e91bfaaea0', 27),
    ('575be82f-3aba-4527-8b24-71e91bfaaea0', 4),
    ('58055832-4d14-4e1f-8621-b6bfd72a1235', 1),
    ('58055832-4d14-4e1f-8621-b6bfd72a1235', 103),
    ('58a67cd0-dbdb-48bc-8e43-b2316a99c066', 97),
    ('58a67cd0-dbdb-48bc-8e43-b2316a99c066', 98),
    ('599253d6-39a1-4fcd-a1ee-d19d7ab014f0', 4),
    ('599253d6-39a1-4fcd-a1ee-d19d7ab014f0', 65),
    ('5aba874e-6518-4bb1-9fb6-b652fed18ca8', 1),
    ('5aba874e-6518-4bb1-9fb6-b652fed18ca8', 3),
    ('5f168389-6458-4899-9002-b390d2b724d0', 15),
    ('5f168389-6458-4899-9002-b390d2b724d0', 16),
    ('63445424-9bdd-45f9-8bc6-b9d57fa2404e', 2),
    ('63445424-9bdd-45f9-8bc6-b9d57fa2404e', 3),
    ('651cee9d-ecd6-4e4d-a288-2e53014f259a', 11),
    ('651cee9d-ecd6-4e4d-a288-2e53014f259a', 12),
    ('67d13c13-56eb-4e2a-85ed-6b81c0a138f1', 14),
    ('67d13c13-56eb-4e2a-85ed-6b81c0a138f1', 2),
    ('687fb8f8-f3e1-46a7-a199-d7d3c2f57b1b', 33),
    ('687fb8f8-f3e1-46a7-a199-d7d3c2f57b1b', 34),
    ('6b9bec7c-79d4-4ca5-87b8-d6c8b425b24c', 3),
    ('6b9bec7c-79d4-4ca5-87b8-d6c8b425b24c', 5),
    ('6bd6fb07-afb0-4413-b757-c499d2753d7c', 1),
    ('6bd6fb07-afb0-4413-b757-c499d2753d7c', 8),
    ('713b7537-1e76-4cf3-9b11-596aec271471', 1),
    ('713b7537-1e76-4cf3-9b11-596aec271471', 35),
    ('781e2daf-437e-49c7-9fff-5d2b21e73628', 91),
    ('781e2daf-437e-49c7-9fff-5d2b21e73628', 92),
    ('784ee5d9-6916-486e-a856-07893f00579f', 13),
    ('784ee5d9-6916-486e-a856-07893f00579f', 14),
    ('788ec0d1-9cfc-4c75-9d32-57e2fa0b3672', 1),
    ('788ec0d1-9cfc-4c75-9d32-57e2fa0b3672', 39),
    ('841cf4a4-b11e-4e37-b124-de277da2df93', 1),
    ('841cf4a4-b11e-4e37-b124-de277da2df93', 4),
    ('84e03d5a-7738-415f-8357-2dd9540c9ff5', 23),
    ('84e03d5a-7738-415f-8357-2dd9540c9ff5', 3),
    ('8786829a-612c-4435-8719-a6850442da81', 27),
    ('8786829a-612c-4435-8719-a6850442da81', 28),
    ('90218035-fac7-4dd8-addb-d05ca26be1f8', 1),
    ('90218035-fac7-4dd8-addb-d05ca26be1f8', 106),
    ('95974cd8-77a6-4601-af97-d3d1da39c524', 2),
    ('95974cd8-77a6-4601-af97-d3d1da39c524', 42),
    ('9a46b157-e2c5-4da3-8dc3-83dc803ad212', 31),
    ('9a46b157-e2c5-4da3-8dc3-83dc803ad212', 4),
    ('9e68c601-a77a-46a8-bb31-1cd1e1e987df', 3),
    ('9e68c601-a77a-46a8-bb31-1cd1e1e987df', 35),
    ('9ee5eb7e-2d5e-433b-b9bd-2321f7cd2863', 12),
    ('9ee5eb7e-2d5e-433b-b9bd-2321f7cd2863', 2),
    ('b2447f1e-f859-4a25-8b5d-8a7543f2eff2', 4),
    ('b2447f1e-f859-4a25-8b5d-8a7543f2eff2', 63),
    ('b46ccefe-27a8-437d-b7bb-fbd4eb468cff', 4),
    ('b46ccefe-27a8-437d-b7bb-fbd4eb468cff', 61),
    ('ba4ae6f1-8adc-4fd1-84d6-9424408b9acf', 4),
    ('ba4ae6f1-8adc-4fd1-84d6-9424408b9acf', 67),
    ('c7becd93-7b9b-4f29-ad5a-6ad2264aa0af', 1),
    ('c7becd93-7b9b-4f29-ad5a-6ad2264aa0af', 89),
    ('c8158570-38de-4717-a620-e642883eed2d', 1),
    ('c8158570-38de-4717-a620-e642883eed2d', 37),
    ('cb0ce982-be01-4034-8d32-12b802798d49', 23),
    ('cb0ce982-be01-4034-8d32-12b802798d49', 24),
    ('d079bb94-4dae-4082-8a1c-2b5503213fc4', 5),
    ('d079bb94-4dae-4082-8a1c-2b5503213fc4', 77),
    ('d1a27287-eb71-4157-b90d-866de4130a5c', 37),
    ('d1a27287-eb71-4157-b90d-866de4130a5c', 38),
    ('d479bbe4-41f3-4c8d-b2db-abe3586753d0', 1),
    ('d479bbe4-41f3-4c8d-b2db-abe3586753d0', 83),
    ('d4a7a14b-dd8f-4008-8d7a-e3c3832fec1e', 1),
    ('d4a7a14b-dd8f-4008-8d7a-e3c3832fec1e', 2),
    ('d5e86fe6-9cfe-429c-ab8c-596815cf9d1a', 3),
    ('d5e86fe6-9cfe-429c-ab8c-596815cf9d1a', 59),
    ('d68af090-b3c0-4ec1-92df-d7b8e2faaa79', 3),
    ('d68af090-b3c0-4ec1-92df-d7b8e2faaa79', 55),
    ('d80df441-967d-4c48-813c-b917d033d16f', 2),
    ('d80df441-967d-4c48-813c-b917d033d16f', 51),
    ('dee3a6f9-476b-4eb7-ab46-543cc46c2cc2', 93),
    ('dee3a6f9-476b-4eb7-ab46-543cc46c2cc2', 94),
    ('e1a36f99-5b90-4b09-9920-1e2202ec95f8', 31),
    ('e1a36f99-5b90-4b09-9920-1e2202ec95f8', 32),
    ('e4f2e38d-7031-485a-95ac-2566bf6bf82a', 5),
    ('e4f2e38d-7031-485a-95ac-2566bf6bf82a', 73),
    ('e72ce4f4-3569-43ef-bc2c-86eb8ed72a9d', 17),
    ('e72ce4f4-3569-43ef-bc2c-86eb8ed72a9d', 18),
    ('ecff2be2-08ce-448f-b918-4b35694d1138', 2),
    ('ecff2be2-08ce-448f-b918-4b35694d1138', 3),
    ('ef19545f-e13f-45be-b33c-4f8a2a143f6f', 2),
    ('ef19545f-e13f-45be-b33c-4f8a2a143f6f', 49),
    ('f06943f3-e45d-4055-bcb7-6e17e5f8e240', 19),
    ('f06943f3-e45d-4055-bcb7-6e17e5f8e240', 20),
    ('f927238d-eb44-47ac-b29f-f8ec51c37a80', 5),
    ('f927238d-eb44-47ac-b29f-f8ec51c37a80', 75);

-- Seed data for leads table
INSERT INTO leads (lead_id, lead_title, description, stage, rank, contact_id, company_id, assignment_id, created_at, updated_at)
VALUES
    ('9671c767-bc53-4bf3-8038-8233b2feb9bc', 'Diskussion om kommande projekt.', 'Under vårt senaste möte diskuterade vi möjligheten att inleda ett nytt projekt. Kunden är intresserad av att utforska potentiella samarbeten inom digital transformation och vill ha ytterligare information innan de går vidare.', 'Pitch', 1, 1, 1, 1, '2024-06-01', '2024-06-01'),
    ('7fba6602-b886-4466-8965-abd480e040ee', 'Erbjudande skickat, inväntar svar.', 'Vi har skickat ett detaljerat erbjudande till kunden, som inkluderar prisuppgifter och leveranstider. Kunden har fått tid att överväga erbjudandet och vi förväntar oss ett svar inom de närmaste dagarna.', 'Affär', 2, 2, 2, 2, '2024-06-02', '2024-06-02'),
    ('eae2675f-f2e1-4aa7-85a5-a9166d24a5ec', 'Intresse i tidigare möte.', 'Vid det senaste mötet visade kunden starkt intresse för våra tjänster, särskilt inom området för molnbaserade lösningar. De överväger nu våra förslag och vill planera ett uppföljande möte för att diskutera vidare.', 'Intresse', 3, 3, 3, 3, '2024-06-03', '2024-06-03'),
    ('e360580c-9a61-4af5-8c87-b74abce818b9', 'Visat intresse för nya lösningar.', 'Kunden har uttryckt en vilja att utforska nya teknologiska lösningar för att förbättra sin verksamhet. Vi har föreslagit flera alternativ som de nu utvärderar för att avgöra vilka som bäst passar deras behov.', 'Intresse', 4, 4, 4, 4, '2024-06-04', '2024-06-04');
